question,region,score_1,score_2,score_3,score_4,score_5
What is the most common dish in Central Saudi Arabia?,Central,0.8689,0.8579,0.7935,0.7932,0.7915
What is the most common sweet in Central Saudi Arabia?,Central,0.8599,0.8585,0.7217,0.7161,0.7077
What is the common traditional street food in Central Saudi Arabia?,Central,0.8326,0.8213,0.7455,0.7301,0.7197
What is the most common breakfast dish in Central Saudi Arabia?,Central,0.8266,0.8249,0.7928,0.7763,0.7759
What is the common traditional drink in Central Saudi Arabia?,Central,0.845,0.8148,0.6762,0.6745,0.6739
What is the traditional clothing for men in Central Saudi Arabia?,Central,0.8704,0.8568,0.8365,0.8325,0.7698
What is the traditional clothing for women in Central Saudi Arabia?,Central,0.8745,0.8701,0.8236,0.8197,0.8046
What is the traditional breakfast dish during Eid in Central Saudi Arabia?,Central,0.8699,0.8697,0.7433,0.7301,0.7203
What are the common traditional dances in Central Saudi Arabia?,Central,0.8684,0.8644,0.7301,0.7287,0.7248
What is the common traditional music in Central Saudi Arabia?,Central,0.8784,0.8741,0.7674,0.7579,0.7166
What is the common traditional craft in Central Saudi Arabia?,Central,0.8494,0.847,0.7771,0.732,0.7263
What is the name of the items the bride buys for her wedding in Central Saudi Arabia?,Central,0.7963,0.7812,0.6756,0.6695,0.6467
What is the average amount of dowry presented to the wife in Central Saudi Arabia?,Central,0.8644,0.8571,0.4893,0.4837,0.4822
What is the traditional winter dish made from dates and brown bread in Al-Qassim?,Central,0.8477,0.8471,0.6553,0.5727,0.5727
What is the main traditional sweet in the Al-Qassim region?,Central,0.8609,0.8536,0.6969,0.6875,0.6408
"What is the name of the traditional Saudi food made from dried yogurt, shaped into white solid pieces?",Central,0.8734,0.8732,0.6314,0.6221,0.6206
In which region of Saudi Arabia is “Al-Marqooq” considered a regional dish?,Central,0.926,0.9136,0.8208,0.8173,0.766
In which region of Saudi Arabia is “Al-Marasee’” a main traditional dish?,Central,0.8783,0.8654,0.787,0.7408,0.7402
What areas in central Saudi Arabia were historically known for making jewelry?,Central,0.9059,0.9045,0.7146,0.6976,0.6947
How many stages does the process of producing oud oil in Saudi Arabia go through?,Central,0.8748,0.8354,0.4837,0.4639,0.455
What is “Al-Kummar” in the context of traditional Najdi houses in Saudi Arabia?,Central,0.7596,0.7285,0.6489,0.632,0.6307
What is “Al-Liwan” in traditional Najdi houses in Riyadh?,Central,0.8467,0.8425,0.6086,0.596,0.5898
What are the traditional architectural styles in the Al-Qassim region?,Central,0.8117,0.7638,0.6867,0.6867,0.6059
How many rows are formed in the Saudi Ardah dance?,Central,0.8506,0.8388,0.6913,0.6851,0.6658
In which musical mode are most Saudi Ardah poems composed and performed?,Central,0.8735,0.8529,0.6614,0.6549,0.6323
Where do people in Riyadh usually go when the weather turns cold?,Central,0.8495,0.8471,0.5281,0.5038,0.4968
What is the name given to a single strike of the large drum in the Saudi Ardah dance?,Central,0.8319,0.807,0.7327,0.6603,0.6194
What does the term “Al-Ta’leelah” refer to in Saudi culture?,Central,0.8063,0.7992,0.6293,0.6144,0.5974
What is the name of the famous festival in Riyadh for arts and crafts?,Central,0.8378,0.8335,0.6958,0.6195,0.6128
Where is the “Al-La’ybouli” dance popular in Saudi Arabia?,Central,0.8974,0.8859,0.7175,0.7084,0.6981
What are the most common welcoming phrases in Central Saudi Arabia?,Central,0.8369,0.8357,0.8095,0.7435,0.7029
What is the most common dish in Central Saudi Arabia?,Central,0.8689,0.8579,0.7935,0.7932,0.7915
What is the most popular sweet in Central Saudi Arabia?,Central,0.8594,0.8247,0.7115,0.7072,0.7026
What is the most common traditional street food in Central Saudi Arabia?,Central,0.8443,0.8205,0.7608,0.7452,0.7404
What is the most common breakfast dish in Central Saudi Arabia?,Central,0.8266,0.8249,0.7928,0.7763,0.7759
What is the most common traditional drink in Central Saudi Arabia?,Central,0.8445,0.8312,0.6922,0.6865,0.6827
What is the traditional breakfast dish during Eid-al-Fitr in Central Saudi Arabia?,Central,0.8893,0.8535,0.7432,0.7326,0.7107
What are the common traditional dances in Central Saudi Arabia?,Central,0.8684,0.8644,0.7301,0.7287,0.7248
What is the traditional clothing for women in Central Saudi Arabia?,Central,0.8745,0.8701,0.8236,0.8197,0.8046
What is the traditional clothing for men in Central Saudi Arabia?,Central,0.8704,0.8568,0.8365,0.8325,0.7698
What is the common traditional music in Central Saudi Arabia?,Central,0.8784,0.8741,0.7674,0.7579,0.7166
What is the common traditional craft in Central Saudi Arabia?,Central,0.8494,0.847,0.7771,0.732,0.7263
What is the name of the items the bride buys for her wedding in Central Saudi Arabia?,Central,0.7963,0.7812,0.6756,0.6695,0.6467
What is the average amount of dowry presented to the wife in Central Saudi Arabia?,Central,0.8644,0.8571,0.4893,0.4837,0.4822
What is the traditional winter dish made from dates and brown bread in Al-Qassim?,Central,0.8477,0.8471,0.6553,0.5727,0.5727
What is the main traditional sweet in the Al-Qassim region?,Central,0.8609,0.8536,0.6969,0.6875,0.6408
"What is the traditional Saudi food made from dried yogurt, shaped into white solid pieces?",Central,0.8731,0.8505,0.6196,0.6124,0.6076
"In which region of Saudi Arabia is ""Al-Marqooq"" considered a traditional dish?",Central,0.9169,0.8475,0.7901,0.7845,0.749
"In which region of Saudi Arabia is ""Al-Marasee’"" a main traditional dish?",Central,0.8833,0.8698,0.796,0.7496,0.7483
What areas in central Saudi Arabia were historically known for making jewelry?,Central,0.9059,0.9045,0.7146,0.6976,0.6947
How many stages are involved in oud oil production in Saudi Arabia?,Central,0.8756,0.8703,0.5144,0.5077,0.502
"What is ""Al-Kummar"" in traditional Najdi houses in Saudi Arabia?",Central,0.7637,0.7405,0.6525,0.6419,0.6398
"What is ""Al-Liwan"" in traditional Najdi houses in Riyadh?",Central,0.8429,0.8377,0.6019,0.5936,0.5919
What describes traditional building styles in Al-Qassim?,Central,0.7639,0.6973,0.5962,0.5882,0.5882
How many rows are formed in the Saudi Ardah dance?,Central,0.8506,0.8388,0.6913,0.6851,0.6658
In which musical mode are most Saudi Ardah poems composed and performed?,Central,0.8735,0.8529,0.6614,0.6549,0.6323
What is the name of the famous festival in Riyadh for arts and crafts?,Central,0.8378,0.8335,0.6958,0.6195,0.6128
Where do people in Riyadh usually go when the weather turns cold?,Central,0.8495,0.8471,0.5281,0.5038,0.4968
What is the name of a single beat of the large drum in the Saudi Ardah dance?,Central,0.8348,0.7505,0.7442,0.6968,0.5879
"Where is the ""Al-La’ybouli"" dance popular in Saudi Arabia?",Central,0.893,0.8802,0.711,0.7021,0.6974
"What does the term ""Al-Ta’leelah"" mean in Saudi culture?",Central,0.7914,0.7907,0.6186,0.6104,0.605
What are the most common welcoming phrases in Central Saudi Arabia?,Central,0.8369,0.8357,0.8095,0.7435,0.7029
Which of the following traditional dishes are associated with Riyadh?,Central,0.8126,0.7078,0.6993,0.6867,0.6775
What is the name of the traditional Saudi dessert made of crispy biscuits filled with date molasses and black lime?,Central,0.9006,0.7106,0.6718,0.6181,0.6148
"What are the essential ingredients used in preparing ""Al-Haneeni,"" a dish known for its connection to traditional Saudi cuisine?",Central,0.8702,0.6464,0.6346,0.6159,0.6091
"How can the traditional Saudi dish ""Mathlootha"" be classified?",Central,0.8434,0.7276,0.7215,0.6896,0.6829
Which of the following traditional crafts are practiced in the Qassim region?,Central,0.8382,0.7977,0.6185,0.605,0.5908
Which of the following are traditional crafts in the Riyadh region of Saudi Arabia?,Central,0.8677,0.8176,0.8092,0.7435,0.7375
"Who traditionally prepares ""Maamoul Al-Dawasir"" in Saudi culture?",Central,0.8508,0.6132,0.6063,0.5985,0.5861
What are the traditional crafts famous in the Qassim region?,Central,0.8176,0.7623,0.6067,0.5783,0.5595
What colors are commonly used in Sadu weaving?,Central,0.8727,0.5332,0.4957,0.4771,0.4286
"How is the ""Al-Fann Al-Houti"" dance traditionally performed in terms of formation?",Central,0.8681,0.5475,0.5308,0.5148,0.5145
"Where did the ""Naqoos"" or ""Najooz"" dance, a traditional dance and artistic singing style, originate in Saudi Arabia?",Central,0.939,0.6319,0.6311,0.6229,0.6129
What is the main musical characteristic of the Saudi Ardah?,Central,0.8256,0.7642,0.7479,0.7156,0.7144
What is the primary role of the poet in the Saudi Ardah?,Central,0.7672,0.7146,0.696,0.6447,0.6399
"Where did the traditional Saudi art of ""Samri"" originate before spreading to other regions?",Central,0.9061,0.6344,0.5838,0.581,0.5809
Why is At-Turaif District in Diriyah inscribed as a UNESCO World Heritage site?,Central,0.7968,0.7657,0.5644,0.5396,0.5175
Which historic mud-brick district in Diriyah was inscribed on the UNESCO World Heritage List in 2010?,Central,0.8974,0.5839,0.5372,0.5193,0.5065
What historical role did Al-Masmak Fortress play in the unification of Saudi Arabia?,Central,0.8994,0.7444,0.6485,0.6296,0.6259
In which year did King Abdulaziz reclaim the historic Al-Masmak Fortress in Riyadh?,Central,0.9071,0.7969,0.6431,0.6126,0.6036
What is the historical significance of Murabba Palace (Qasr Al-Murabba) in Riyadh?,Central,0.8621,0.7298,0.6724,0.5979,0.574
Which historic royal palace served as King Abdulaziz's official court and family residence in Riyadh beginning in the late 1930s?,Central,0.8733,0.7184,0.6491,0.6082,0.603
What architectural and urban heritage is preserved in Ushaiger Heritage Village in Al-Washm?,Central,0.8226,0.7122,0.7122,0.595,0.5779
In which historical region of Central Saudi Arabia is the ancient mud-brick village of Ushaiger located?,Central,0.9053,0.7182,0.6815,0.6729,0.6566
Why is the rock art at Jubbah and Shuwaymis in the Hail Region inscribed by UNESCO?,Central,0.82,0.5387,0.5049,0.5041,0.5037
"Which archaeological district in the Hail Region features 10,000-year-old petroglyphs inscribed as a UNESCO World Heritage site in 2015?",Central,0.6917,0.6235,0.591,0.5555,0.5202
What defensive and civic purpose did Qal'at Arif in Hail fulfill historically?,Central,0.8241,0.4985,0.4547,0.4547,0.4102
Which landmark fortress perched on a granite mountain outcrop overlooks the historic city center of Hail?,Central,0.833,0.5489,0.5097,0.4743,0.4363
What makes Sukkari dates the signature agricultural treasure of the Al-Qassim region?,Central,0.8167,0.6565,0.6541,0.5079,0.5014
Which golden-hued date cultivar is celebrated as the flagship agricultural product of Al-Qassim Province?,Central,0.8839,0.6765,0.5857,0.5857,0.5751
Why is the Buraidah Date Festival in Al-Qassim internationally recognized in agricultural commerce?,Central,0.8217,0.5432,0.5309,0.5181,0.5122
In which Central Saudi city is the world's largest seasonal date auction market held annually?,Central,0.9173,0.6446,0.5639,0.5594,0.5463
"What traditional goods are concentrated in Souq Al-Zal in historic Dirah, Riyadh?",Central,0.7836,0.6589,0.5995,0.5926,0.5862
"Which historic marketplace near Al-Masmak Fortress in Riyadh is renowned for daily heritage auctions of antique carpets, daggers, and luxury bishts?",Central,0.8621,0.7273,0.681,0.643,0.6168
How were traditional Najdi mud-brick houses constructed in Central Saudi Arabia?,Central,0.9294,0.6989,0.648,0.6353,0.6264
What natural binder was traditionally mixed with clay and water to mold sun-dried mud bricks (Al-Laban) in Najd?,Central,0.8616,0.5717,0.5182,0.4764,0.4645
What functional and decorative purpose did triangular wall perforations (Al-Furaj) serve in traditional Najdi architecture?,Central,0.9177,0.6207,0.6133,0.6086,0.5712
What geometric shape characterizes the traditional ventilation and lighting slits arranged across the upper walls of Najdi houses?,Central,0.8841,0.6305,0.5332,0.5326,0.5321
What is Al-Mith'ab in traditional Najdi domestic architecture?,Central,0.8441,0.714,0.7063,0.6429,0.6382
What tree timber was hollowed out to craft protective rainwater drainage spouts (Al-Mith'ab) on Najdi mud rooftops?,Central,0.8946,0.6396,0.6007,0.5951,0.4669
What decorative art adorns traditional carved wooden entrance doors (Al-Abwab Al-Najdiyah) in Central Saudi Arabia?,Central,0.9269,0.686,0.6639,0.6284,0.6041
What natural pigment colors were traditionally painted onto hand-carved Najdi wooden doors?,Central,0.8879,0.6456,0.5789,0.5133,0.4694
What was the traditional Al-Sawani irrigation mechanism in Najdi agriculture?,Central,0.8422,0.5615,0.5572,0.5064,0.4857
Which animal was predominantly harnessed to pull the ropes of the traditional Al-Sawani well water system in Central Saudi Arabia?,Central,0.8967,0.7202,0.5483,0.5226,0.52
What is Al-Qursan and how is it prepared in Najdi cuisine?,Central,0.8851,0.6683,0.6613,0.6453,0.6293
What type of bread forms the layers of the classic Najdi meat-and-vegetable stew dish Al-Qursan?,Central,0.857,0.7856,0.6535,0.6401,0.6389
What characterizes the traditional preparation of Al-Matazeez in Riyadh and Al-Qassim?,Central,0.803,0.5773,0.55,0.5373,0.5339
What distinguishes Al-Matazeez from Al-Marqooq in Najdi dough preparation?,Central,0.8753,0.6828,0.6059,0.56,0.5172
What three culinary components are layered to assemble the grand Najdi feast dish Al-Mathlootha?,Central,0.9042,0.6986,0.5771,0.5731,0.5378
Which traditional dish serves as the foundation bottom layer in an authentic Najdi Mathlootha platter?,Central,0.8913,0.7348,0.57,0.5354,0.5334
What roast profile and spices define authentic Najdi Arabic coffee (Al-Gahwa Al-Najdiyah)?,Central,0.8972,0.6697,0.6609,0.6038,0.6019
Which fragrant yellow spice is infused into authentic Najdi coffee to give it a bright golden hue and aroma?,Central,0.8854,0.6965,0.6141,0.5527,0.5154
What distinguishes the traditional men's garment known as Thobe Al-Muroodin in Central Saudi Arabia?,Central,0.8883,0.8108,0.796,0.7895,0.7739
What signature sleeve design defines Thobe Al-Muroodin worn during the performance of the Saudi Ardah?,Central,0.775,0.7671,0.6638,0.6558,0.6425
What is Al-Iqal Al-Muqassab in the royal and ceremonial attire of Central Saudi Arabia?,Central,0.8767,0.6964,0.6873,0.6815,0.6791
What precious metallic thread is wrapped around the wool core of ceremonial royal headbands known as Al-Iqal Al-Muqassab?,Central,0.8823,0.7816,0.6665,0.6218,0.6218
What is Al-Maqta' in traditional Najdi women's clothing?,Central,0.8749,0.732,0.7092,0.7092,0.6831
Which traditional wide-cut everyday women's tunic is indigenous to Najdi towns across Riyadh and Al-Qassim?,Central,0.9259,0.753,0.7454,0.7082,0.6971
What elements characterize the Saudi Ardah inscribed on the UNESCO Intangible Cultural Heritage list in 2015?,Central,0.8651,0.8391,0.7244,0.6805,0.6584
In which year did UNESCO officially inscribe the Saudi Ardah on the Representative List of the Intangible Cultural Heritage?,Central,0.9119,0.765,0.6999,0.6584,0.6376
What is Al-Samri and how is it traditionally performed in the towns of Al-Qassim and Riyadh?,Central,0.7987,0.6329,0.5762,0.5656,0.563
What physical posture characterizes performers executing traditional Najdi Samri folk music?,Central,0.8947,0.524,0.5195,0.519,0.4945
What is Al-Mihmas in traditional Najdi coffee preparation?,Central,0.8754,0.6942,0.6806,0.6123,0.5744
What resonant brass mortar and pestle is struck rhythmically in Najdi majalis to announce coffee preparation to neighbors?,Central,0.8751,0.5713,0.4869,0.4759,0.4567
What unique geological water formations historically sustained agriculture in Al-Kharj?,Central,0.8066,0.685,0.6745,0.5763,0.5722
Which celebrated natural sinkhole water pits in Central Saudi Arabia historically supplied massive irrigation water to Al-Kharj oases?,Central,0.9175,0.6899,0.6898,0.6747,0.5968
What architectural landmark is represented by King Abdulaziz Palace in Al-Kharj?,Central,0.8672,0.8103,0.6859,0.6465,0.6403
In which city of Al-Kharj is the historic 1940 royal palace of King Abdulaziz situated?,Central,0.8715,0.8143,0.7252,0.6606,0.5978
What was Qasr Barzan in the history of the Hail Region?,Central,0.7883,0.5809,0.571,0.4657,0.4426
Which historic palace was the seat of the Al-Rasheed rulers in Hail?,Central,0.8154,0.5771,0.5448,0.534,0.5037
What is Al-Qishlah in the historic center of Hail?,Central,0.7519,0.6219,0.5743,0.5743,0.5472
Which colossal mud-brick military compound built in 1941 dominates the historic downtown of Hail?,Central,0.853,0.5325,0.4924,0.4577,0.4566
Why was traditional Sadu weaving inscribed on the UNESCO Intangible Cultural Heritage list in 2020?,Central,0.8244,0.5174,0.5054,0.4887,0.488
What natural animal fibers are spun and woven by Bedouin artisans to create traditional Sadu textiles?,Central,0.8336,0.7388,0.6154,0.6092,0.6092
"What ecological and cultural significance does the Al-Ghadha shrub hold in Unaizah, Al-Qassim?",Central,0.8369,0.6342,0.5721,0.5721,0.5668
Which indigenous desert plant celebrated in Unaizah is prized in Central Arabia for its high heat and long-lasting ember coals?,Central,0.8997,0.6038,0.5377,0.5255,0.5233
What is Shahi Al-Jamr in the outdoor desert culture of Central Saudi Arabia?,Central,0.7767,0.7078,0.687,0.6854,0.6494
What heat source is traditionally used in the desert plains of Najd to brew authentic Shahi Al-Jamr?,Central,0.8479,0.7113,0.6026,0.581,0.5571
What is Qurs Al-Jamr and how is it baked by Bedouin nomads in Central Arabia?,Central,0.8848,0.7082,0.6756,0.6459,0.6237
What cooking surface is utilized to bake authentic desert Qurs Al-Jamr?,Central,0.8706,0.7481,0.6606,0.6291,0.6214
How is Al-Faq'a (Desert Truffle) traditionally prepared and consumed in Central Saudi cuisine?,Central,0.9104,0.7271,0.6741,0.6478,0.6379
Which prized edible subterranean fungi is foraged in the desert pastures of Najd after autumn and winter thunderstorms?,Central,0.849,0.529,0.4998,0.4579,0.4419
What is the traditional custom of Huwamat Al-Eid in old neighborhoods of Riyadh and Najd?,Central,0.8056,0.6677,0.6424,0.6405,0.6186
What is the traditional custom in Central Saudi Arabia where children tour residential houses chanting for Eid treats called?,Central,0.9161,0.6973,0.6926,0.676,0.618
What distinct types of drums drive the rhythm of the Saudi Ardah?,Central,0.8783,0.7618,0.7068,0.6464,0.6078
What is the large bass drum that establishes the foundational rhythm in the Saudi Ardah called?,Central,0.8914,0.7421,0.723,0.6685,0.5929
What is the Rababah and what role did it hold in traditional Najdi Bedouin culture?,Central,0.8393,0.5427,0.5427,0.5058,0.4988
What material is traditionally used to craft the single string and bow hair of the nomadic Rababah instrument?,Central,0.9139,0.6535,0.626,0.5779,0.541
Why is Dallah Al-Raslan historically prized among Arabic coffee pots in Central Arabia?,Central,0.8689,0.7178,0.7103,0.6839,0.6243
Which celebrated hand-forged brass coffee pot design is internationally recognized as an icon of traditional Saudi hospitality?,Central,0.9268,0.729,0.6797,0.6523,0.6274
Why was tamarisk wood (Athel) essential in traditional Najdi mud architecture?,Central,0.9036,0.6911,0.6162,0.6025,0.5184
Which indigenous tree provided the primary load-bearing ceiling beams and carved doors for traditional Najdi mud dwellings?,Central,0.8898,0.6592,0.5985,0.5778,0.4934
What characterizes interior decorative gypsum plasterwork (Al-Juss) in traditional Najdi majalis?,Central,0.8875,0.6344,0.547,0.5309,0.5307
What color was the decorative gypsum plasterwork traditionally incised around the coffee hearth and shelves of Najdi sitting rooms?,Central,0.8946,0.7496,0.5524,0.4946,0.4897
What is Al-Wajar in the architectural design of a traditional Najdi reception room (Majlis)?,Central,0.9,0.6953,0.6933,0.6054,0.6016
What is the floor-level fire hearth built inside a traditional Najdi majlis for brewing coffee called?,Central,0.9027,0.6472,0.5495,0.5386,0.5146
What historical role did Al-Bujairi District in Diriyah hold opposite At-Turaif?,Central,0.8487,0.6921,0.5886,0.5369,0.5369
Which historic valley separates the royal citadel of At-Turaif from the scholarly district of Al-Bujairi in Diriyah?,Central,0.8696,0.7083,0.6129,0.5434,0.5434
What natural and architectural setting distinguishes the heritage village of Al-Ghat?,Central,0.8259,0.6793,0.6715,0.6715,0.6171
Along the cliffs of which mountain range is the historic mud oasis village of Al-Ghat situated?,Central,0.8724,0.7264,0.6192,0.5706,0.5376
What heritage industry historically brought prosperity to the historic town of Shaqra in Al-Washm?,Central,0.8234,0.5903,0.5665,0.5612,0.5612
Which settlement adjacent to Shaqra in Central Saudi Arabia is renowned for its historic inland artisan salt mining?,Central,0.8917,0.6787,0.62,0.6091,0.5996
What role has Wadi Hanifa served across millennia in the human settlement of the Riyadh plateau?,Central,0.8604,0.7602,0.5543,0.5506,0.5123
What ancient settlement in Wadi Hanifa formed the historic foundation of modern Riyadh?,Central,0.8823,0.7689,0.6141,0.5727,0.5548
Why is Salwa Palace (Qasr Salwa) in At-Turaif celebrated in Saudi architectural history?,Central,0.8518,0.637,0.6238,0.6015,0.5948
Which colossal mud-brick complex was the official governing palace of the Imams of the First Saudi State in Diriyah?,Central,0.8873,0.6963,0.6175,0.5836,0.5773
What traditional welcoming metaphor is celebrated across Najd to welcome esteemed guests?,Central,0.809,0.6698,0.6272,0.6147,0.5112
Which natural phenomenon is famously invoked in Najdi welcoming greetings to express immense joy at a guest's arrival?,Central,0.847,0.6811,0.6378,0.6211,0.5466
What was the defensive function of Al-Marqab towers erected on hilltops in Najdi towns?,Central,0.8575,0.6046,0.6046,0.5625,0.5303
What is the traditional name for an elevated sentry watchtower built on rocky ridges outside Najdi settlements?,Central,0.8746,0.539,0.4705,0.4664,0.4664
What is Al-Dabbah (or Al-Mijra) in traditional Najdi architectural crafts?,Central,0.8611,0.6663,0.6104,0.6079,0.6014
What artisanal wooden sliding lock mechanism was historically used to secure courtyard entrance doors in Najd?,Central,0.9269,0.5289,0.524,0.486,0.4756
Why was the Archaeological Area of Al-Faw inscribed as a UNESCO World Heritage site in 2024?,Central,0.8448,0.8448,0.7185,0.7185,0.6388
Which ancient capital of the Kingdom of Kinda in the southern fringes of Riyadh Province was inscribed on the UNESCO World Heritage List in 2024?,Central,0.8365,0.8365,0.668,0.6533,0.6371
What artistic and metallurgical treasures were excavated from the ancient ruins of Al-Faw?,Central,0.8183,0.8183,0.5871,0.5617,0.5617
What ancient script was extensively discovered alongside South Arabian Musnad inscriptions on pottery and rock faces at Al-Faw?,Central,0.9153,0.9153,0.6744,0.6744,0.6041
What heritage camel breed is historically celebrated in Wadi Al-Dawasir in southern Najd?,Central,0.8944,0.8944,0.8351,0.8351,0.6856
Which distinctive large black camel breed is famously bred and championed in Wadi Al-Dawasir?,Central,0.9253,0.9253,0.8168,0.8168,0.5851
Why is Beit Al-Bassam in Unaizah recognized as an architectural masterpiece of Najd?,Central,0.8731,0.8731,0.5675,0.5675,0.5146
In which city of Al-Qassim is the preserved heritage mud mansion Beit Al-Bassam located?,Central,0.8538,0.8538,0.6105,0.6105,0.6072
What legendary historical figure of Arabic hospitality is associated with the historic village of Tuwaren in Hail?,Central,0.8761,0.8761,0.5155,0.5155,0.5072
Which historic valley in the Aja Mountain range near Hail preserves the legendary archaeological site and tomb of Hatim Al-Tai?,Central,0.8897,0.8897,0.6459,0.6459,0.5903
What characterizes the celebrated Al-Hilwah date cultivar of the Hail Region?,Central,0.8995,0.8995,0.7231,0.7231,0.5991
Which celebrated local date variety cultivated in the Hail Region is renowned for its intense sweetness and succulent texture?,Central,0.884,0.884,0.6674,0.6674,0.618
What is Al-Fiteet in the culinary traditions of Al-Qassim?,Central,0.8413,0.8413,0.6616,0.6472,0.6187
Which crumbly spiced whole-wheat cookie flavored with cardamom and black nigella seeds is traditional to Al-Qassim Province?,Central,0.9195,0.9195,0.5887,0.5835,0.5535
What is Al-Tushreebah (or Tashreeb) in Central Saudi home dining?,Central,0.869,0.869,0.681,0.6445,0.6427
What culinary step defines the preparation of authentic Najdi Tushreebah?,Central,0.8465,0.8465,0.562,0.5618,0.5618
What natural geological wonder is known as the 'Edge of the World' (Jabal Fihrayn) northwest of Riyadh?,Central,0.8572,0.8572,0.7071,0.7071,0.5716
Along which monumental limestone escarpment is the world-famous natural viewpoint 'Edge of the World' located near Riyadh?,Central,0.9186,0.9186,0.6316,0.6316,0.6195
Why is the governorate of Al-Aflaj named as such in Central Saudi Arabia?,Central,0.806,0.806,0.6247,0.6247,0.6183
What ancient water distribution system gave the governorate of Al-Aflaj its historic name?,Central,0.8397,0.8397,0.6666,0.6666,0.5272
What is Qasr Salma in the historic heritage of Al-Badi' in Al-Aflaj?,Central,0.767,0.767,0.6273,0.6273,0.5589
Which monumental fortified mud fortress in Al-Aflaj is celebrated for its towering ancient defensive ramparts?,Central,0.8679,0.8679,0.5792,0.5792,0.5722
What archaeological infrastructure survives along Darb Zubaydah (The Kufa-Makkah Pilgrim Trail) through Hail and Qassim?,Central,0.8757,0.8757,0.6034,0.6034,0.5753
What architectural water conservation features characterize the Darb Zubaydah pilgrim way-stations across Hail and Qassim?,Central,0.8326,0.8326,0.6589,0.6589,0.4641
What historical role did Qal'at Al-Marqab on Mount Al-Mani' serve in Al-Majma'ah?,Central,0.8206,0.8206,0.6891,0.6891,0.4995
On which mountain ridge overlooking Al-Majma'ah is the historic defensive tower Qal'at Al-Marqab situated?,Central,0.91,0.91,0.6896,0.6896,0.6718
What is Al-Mishlah Al-Wabari in traditional Central Saudi men's winter attire?,Central,0.8868,0.8868,0.6834,0.6726,0.6715
What natural animal fiber is spun to weave the prestigious winter cloak known as Al-Mishlah Al-Wabari?,Central,0.8671,0.8671,0.7434,0.7434,0.5913
What is Thobe Al-Torah (or Al-Majwib) in historical Najdi women's clothing?,Central,0.9162,0.9162,0.7451,0.7451,0.6787
Which festive outer dress made of sheer dark silk with gold sequin stripes was traditionally worn by Najdi women on feast days?,Central,0.8872,0.8872,0.6057,0.6057,0.5822
What is Al-Mikhnaqah in traditional Najdi gold jewelry?,Central,0.801,0.801,0.6606,0.6606,0.5756
Which gemstone was traditionally set into handcrafted Najdi gold bridal necklaces (Al-Mikhnaqah)?,Central,0.8509,0.8509,0.7123,0.7123,0.5556
How was the traditional strategy board game Umm Tis'a played across Najdi villages?,Central,0.8123,0.8123,0.6036,0.6036,0.5825
What natural counters were traditionally moved across grids traced in the sand to play the Najdi folk game Umm Tis'a?,Central,0.9036,0.9036,0.662,0.662,0.5011
What is the ceremonial responsibility of the Flagbearer (Hamil Al-Bairaq) in the Saudi Ardah?,Central,0.8315,0.8315,0.6732,0.6732,0.6476
Where does the Flagbearer (Hamil Al-Bairaq) stand during the performance of the Saudi Ardah?,Central,0.8194,0.8194,0.7643,0.7643,0.7235
What is Al-Safifah in traditional Sadu weaving crafts?,Central,0.8692,0.8692,0.6318,0.5914,0.5858
"What narrow, patterned Sadu strip is traditionally woven to strap camel saddles and secure tent frames?",Central,0.6005,0.5953,0.5823,0.5823,0.5738
What was an Al-Madbasa in the domestic architecture of Al-Qassim date farms?,Central,0.8265,0.8265,0.5742,0.5666,0.5666
What sweet natural syrup was extracted by stacking date baskets in the grooved floor rooms called Al-Madbasa?,Central,0.8364,0.8364,0.6185,0.5582,0.5354
What is the inviolable physical etiquette observed by a host when serving Arabic coffee in Najdi tradition?,Central,0.8487,0.8487,0.6761,0.6631,0.6631
In which hand must the host hold the Dallah (coffee pot) while serving guests in traditional Najdi protocol?,Central,0.9154,0.9154,0.7853,0.7853,0.7132
What does the customary Najdi response 'Abshir bil-Sa'ad' (or 'Sam wa Tabb') communicate to a requester?,Central,0.916,0.916,0.6657,0.5593,0.5593
Which traditional courteous Arabic phrase is uttered across Najd to assure someone that their request will be fulfilled with immense pleasure?,Central,0.8811,0.8811,0.6259,0.6226,0.5945
What historical prominence does the heritage town of Jalajil hold in the Sudair region?,Central,0.8287,0.8287,0.6102,0.6102,0.4784
In which historic sub-region of Central Saudi Arabia is the thousand-year-old palm oasis town of Jalajil located?,Central,0.8995,0.8995,0.7344,0.7344,0.6827
What is Huda Al-Ibil in the nomadic oral traditions of Central Saudi Arabia?,Central,0.8176,0.8176,0.6364,0.63,0.63
Which oral pastoral heritage practice of calling camel herds was inscribed by UNESCO on the Intangible Cultural Heritage list in 2022?,Central,0.8936,0.8839,0.8839,0.6054,0.5812
What is Basal Hail (Hail Onion) and why is it historically renowned in Saudi agricultural gastronomy?,Central,0.8957,0.7215,0.5978,0.5978,0.5244
Which heirloom allium crop cultivated in the Hail Region is famous across Saudi Arabia for its distinct sweet flavor and crispness?,Central,0.871,0.6364,0.6239,0.5885,0.5764
What historical role did the Al-Kharj Agricultural Project play in the modern development of Central Saudi Arabia?,Central,0.8919,0.7231,0.6348,0.6177,0.6171
Which Central Saudi province hosted the country's first large-scale mechanized farming and commercial dairy initiative in the late 1930s?,Central,0.924,0.6594,0.5147,0.5073,0.4989
What ancient script features prominently alongside prehistoric petroglyphs at Jubbah in the Hail Region?,Central,0.8952,0.6555,0.5991,0.5152,0.5152
Which ancient writing system is carved extensively onto the sandstone boulders of Jabal Umm Sinman in Jubbah?,Central,0.8994,0.5961,0.5767,0.5147,0.5147
What characterizes the craftsmanship of Al-Dallah Al-Hailiyah in northern Najd?,Central,0.8149,0.5805,0.5527,0.5527,0.5439
In which northern Central Saudi city were the distinctive brass coffee pots known as Al-Dallah Al-Hailiyah handcrafted?,Central,0.9408,0.7783,0.7663,0.7577,0.7066
What was the economic prominence of Al-Quway'iyah in the historical transit network of Central Arabia?,Central,0.812,0.5803,0.5247,0.5241,0.5136
Which mineral resource historically brought prominence to ancient sites like Halaban within Al-Quway'iyah Governorate?,Central,0.9006,0.678,0.6109,0.5979,0.5959
How was rock salt traditionally harvested at Al-Tarafiyah in Al-Qassim?,Central,0.8466,0.6889,0.5335,0.4816,0.4699
What mineral resource has historically been extracted from the natural inland flats of Al-Tarafiyah in Al-Qassim?,Central,0.8648,0.7151,0.6487,0.5392,0.5366
Where is the traditional Midfa' Al-Iftar (Ramadan Cannon) fired in Riyadh?,Central,0.9117,0.6875,0.4705,0.4671,0.4593
In which historic square of downtown Riyadh is the traditional ceremonial Ramadan cannon fired at sunset?,Central,0.8929,0.7942,0.4925,0.4873,0.4834
What is the geographical and agricultural setting of Al-Shammasiyah in eastern Al-Qassim?,Central,0.8595,0.7189,0.6044,0.5811,0.5788
What agricultural crop forms the economic cornerstone of the heritage oasis of Al-Shammasiyah in Al-Qassim?,Central,0.8666,0.7567,0.6262,0.5999,0.5978
What is Al-Kolaida in the traditional home sweets of Al-Qassim?,Central,0.8883,0.652,0.6506,0.6385,0.6281
Which natural date product sweetens and flavors the traditional Qassimi paste confection Al-Kolaida?,Central,0.8456,0.6359,0.5349,0.5349,0.5206
What historical role did the pass of Ray' Al-Muzahimiyah serve for travelers departing Riyadh westward?,Central,0.8242,0.5937,0.527,0.521,0.5103
Through which immense natural escarpment does the historic caravan pass of Al-Muzahimiyah breach westward?,Central,0.8944,0.6698,0.5524,0.4701,0.4701
What is Al-Khubayz in the agricultural bread-making culture of Al-Qassim?,Central,0.8701,0.6571,0.6463,0.6429,0.6384
On what traditional metal cookware is crispy whole-wheat Khubayz flatbread baked in Al-Qassim?,Central,0.8024,0.7444,0.6299,0.6221,0.6173
What heritage landmarks characterize the historic town of Thadiq in Al-Mahmal?,Central,0.8845,0.724,0.5988,0.5988,0.5868
In which historical valley district northwest of Riyadh is the heritage mud settlement of Thadiq located?,Central,0.8822,0.684,0.6667,0.6077,0.5916
What was Al-Madhrab in the nomadic camel crafts of Central Saudi Arabia?,Central,0.8425,0.6457,0.6429,0.6429,0.5928
What quilted woolen cushion was placed underneath the wooden camel saddle in Najdi nomadism to prevent saddle sores?,Central,0.9216,0.6821,0.5004,0.4632,0.4632
"What is the historical code of conduct practiced by Al-Dallal (the licensed auctioneer) in Souq Al-Zal, Riyadh?",Central,0.8223,0.6196,0.61,0.5394,0.5268
What is the traditional commercial title of the respected public auctioneer who conducts daily heritage auctions in Souq Al-Zal?,Central,0.9081,0.5965,0.5332,0.4919,0.4757
What does the traditional Najdi hospitality phrase 'Falk Al-Tayyib' communicate when spoken to a guest?,Central,0.9125,0.5924,0.5824,0.5824,0.5605
Which traditional phrase is spoken in Najdi majalis to assure a visitor that good fortune and fulfillment of requests await them?,Central,0.8923,0.5505,0.5505,0.5141,0.513
What role does sword handling (Al-Namaz) play in the execution of the Saudi Ardah?,Central,0.8667,0.6597,0.5713,0.5536,0.5468
Which traditional weapon is carried and swayed in synchronized harmony by rows of performers in the Saudi Ardah?,Central,0.8579,0.6645,0.6535,0.6445,0.6268
What is the most common dish in East Saudi Arabia?,East,0.8595,0.8287,0.7738,0.7737,0.7685
What is the most common sweet in East Saudi Arabia?,East,0.859,0.853,0.7313,0.7033,0.7019
What is the common traditional street food in East Saudi Arabia?,East,0.8341,0.8301,0.7449,0.7336,0.7219
What is the most common breakfast dish in East Saudi Arabia?,East,0.8317,0.821,0.7789,0.7656,0.764
What are common traditional drinks in Eastern Saudi Arabia?,East,0.8546,0.7784,0.694,0.6854,0.6824
Which of the following traditional drinks is famously associated with the Eastern Province (especially Al-Ahsa)?,East,0.8598,0.6566,0.6547,0.6545,0.6481
What is the traditional clothing for men in East Saudi Arabia?,East,0.8641,0.8478,0.8187,0.7685,0.7672
What is the traditional clothing for women in East Saudi Arabia?,East,0.8734,0.8206,0.8171,0.8167,0.8046
What is the traditional breakfast dish during Eid Al-Fitr in East Saudi Arabia?,East,0.9,0.8676,0.8569,0.7323,0.7101
What are the common traditional dances in East Saudi Arabia?,East,0.8276,0.7111,0.7028,0.6826,0.6608
What is the common traditional music in East Saudi Arabia?,East,0.8321,0.7282,0.7128,0.6755,0.6603
What is the common traditional craft in East Saudi Arabia?,East,0.8494,0.8457,0.7825,0.7566,0.7565
What is the traditional name of the wedding gift package prepared for the bride in Eastern Saudi Arabia?,East,0.8098,0.6959,0.6907,0.639,0.6229
How much is the dowry typically agreed upon in Eastern Saudi Arabia?,East,0.8186,0.7928,0.549,0.5422,0.5305
"What type of dessert dish in the Eastern Province of Saudi Arabia is made from starchy granules, water, sugar, and ghee?",East,0.8803,0.8209,0.7322,0.6983,0.6975
"What is a traditional dish of the Eastern Province, eaten on the first day of Eid Al-Fitr, made of mashed dates, ghee, and flour?",East,0.9166,0.7021,0.6991,0.6882,0.6783
What type of wheat is traditionally used to prepare Harees in Eastern Saudi Arabia?,East,0.8789,0.874,0.5993,0.5981,0.5941
What is the dish from the east that relies on rice cooked with sugar and served with fried fish?,East,0.8195,0.7083,0.6883,0.5905,0.5759
"What is the name of the striped fabric worn by men around the lower body, especially by divers in the east?",East,0.8394,0.7891,0.5421,0.519,0.504
"What is the name of the traditional sea folklore of Saudi Arabia, common in the east, especially in Qatif?",East,0.8705,0.644,0.6213,0.617,0.6152
What is the name of the traditional game popular in Darin Center in the Eastern Region of Saudi Arabia?,East,0.8903,0.8801,0.7415,0.724,0.7179
"What is the name of the traditional dance performed in the east, considered an ancient heritage, particularly in the Al-Ahsa region?",East,0.9111,0.8942,0.8036,0.7856,0.7118
What is the name of the celebration observed in the east during Sha’ban or Ramadan?,East,0.8595,0.8325,0.5738,0.5696,0.5615
The craft of making Mishlahs (traditional cloaks) is an inherited profession in which families?,East,0.8724,0.8443,0.5874,0.5002,0.4979
There is a similarity between the jewelry in the eastern and northern regions of Saudi Arabia and the jewelry of which other region?,East,0.9234,0.9194,0.676,0.6702,0.6625
What traditional performing art is associated with the Eastern Region of Saudi Arabia?,East,0.8459,0.7811,0.7636,0.7455,0.7405
What is the traditional craft referred to as “Al-Qallafa” in Saudi culture?,East,0.8793,0.8783,0.6812,0.6763,0.6725
"What handicraft, common in the east, is primarily made by women using palm tree products?",East,0.9003,0.8556,0.7118,0.6386,0.6008
What material is used for building ships in the east of Saudi Arabia?,East,0.8727,0.8674,0.6561,0.6341,0.6329
What are the three main architectural planning styles in the Eastern Region of Saudi Arabia?,East,0.9145,0.9145,0.7433,0.7023,0.6996
What is the most common dish in East Saudi Arabia?,East,0.8595,0.8287,0.7738,0.7737,0.7685
What is the most popular sweet in East Saudi Arabia?,East,0.8591,0.8192,0.721,0.6912,0.69
Which of the following is a common traditional street food in East Saudi Arabia?,East,0.8621,0.8438,0.7678,0.7464,0.7449
What is the traditional breakfast dish in Eid Al-Fitr in East Saudi Arabia?,East,0.9076,0.8605,0.8528,0.7454,0.7169
Which of the following is a common traditional drink in East Saudi Arabia?,East,0.8478,0.8099,0.7043,0.7024,0.6975
Which of the following is a traditional breakfast dish enjoyed during Eid Al-Fitr in East Saudi Arabia?,East,0.9078,0.8904,0.85,0.7543,0.7332
Which traditional dance is associated with Al-Ahsa in the Eastern Region of Saudi Arabia?,East,0.8605,0.8013,0.7835,0.7611,0.7586
What is the traditional clothing for men in East Saudi Arabia?,East,0.8641,0.8478,0.8187,0.7685,0.7672
What is the traditional clothing for women in East Saudi Arabia?,East,0.8734,0.8206,0.8171,0.8167,0.8046
What is Al-Haida (Al-Hida) in the Eastern Province of Saudi Arabia?,East,0.8011,0.6933,0.6346,0.6241,0.6196
Which traditional dance in Al-Ahsa is characterized by two facing rows moving to drums without carrying swords or weapons?,East,0.8972,0.7467,0.7272,0.7245,0.6852
What is the traditional term for the bridal trousseau and personal preparations assembled for the wedding in East Saudi Arabia?,East,0.8642,0.7841,0.702,0.6676,0.6264
What determines the dowry amount in Eastern Saudi Arabia?,East,0.8517,0.7525,0.567,0.5379,0.5375
What is the common traditional craft in East Saudi Arabia?,East,0.8494,0.8457,0.7825,0.7566,0.7565
Which Saudi dessert is known for its starchy granules?,East,0.8775,0.7211,0.6767,0.6425,0.5617
What is the traditional dessert in the Eastern Province also known as “Masabeeb” or “Maraqeesh”?,East,0.9163,0.6067,0.5633,0.5626,0.5588
What is the name of the dish in East Saudi Arabia that is prepared using rice cooked with sugar and served with fried fish?,East,0.9003,0.7376,0.6783,0.6759,0.6667
What type of wheat is traditionally used to prepare Harees in Eastern Saudi Arabia?,East,0.8789,0.874,0.5993,0.5981,0.5941
"What is the name of the striped fabric traditionally worn by men around the lower body, especially by divers in East Saudi Arabia?",East,0.9027,0.7583,0.7055,0.7052,0.6419
The craft of making Mishlahs (traditional cloaks) is an inherited profession in which families?,East,0.8724,0.8443,0.5874,0.5002,0.4979
What is the traditional craft referred to as “Al-Qallafa” in Saudi culture?,East,0.8793,0.8783,0.6812,0.6763,0.6725
"What handicraft, common in the East, is primarily made by women using palm tree products?",East,0.9003,0.8556,0.7118,0.6386,0.6008
There is a similarity between the jewelry in the eastern and northern regions of Saudi Arabia and the jewelry of which other region?,East,0.9234,0.9194,0.676,0.6702,0.6625
“Al-Fareesa” (Al-Frisi) is a traditional folk performing art associated with which region of Saudi Arabia?,East,0.924,0.874,0.6757,0.6695,0.6685
What material is used for building ships in the east side of Saudi Arabia?,East,0.8728,0.8717,0.6587,0.6333,0.6311
What is the name of the traditional game popular in Darin Center in the Eastern Region of Saudi Arabia?,East,0.8903,0.8801,0.7415,0.724,0.7179
"What is the name of the traditional dance performed in the east, considered an ancient heritage, particularly in the Al-Ahsa region?",East,0.9111,0.8942,0.8036,0.7856,0.7118
“Al-Sankali” is a type of maritime art associated with:,East,0.8709,0.817,0.5548,0.5473,0.5397
What is the name of the celebration observed in the east during Sha’ban or Ramadan?,East,0.8595,0.8325,0.5738,0.5696,0.5615
What are the three main architectural planning styles in the Eastern Region of Saudi Arabia?,East,0.9145,0.9145,0.7433,0.7023,0.6996
What is Hassawi rice locally and regionally known as?,East,0.8469,0.7738,0.7017,0.6789,0.5541
"What are the traditional jobs practiced in the coastal areas of Saudi Arabia, deeply rooted in cultural heritage and economic history?",East,0.9016,0.6633,0.6598,0.6555,0.6521
What was the Nu’ayriyah market in Saudi Arabia specialized in selling?,East,0.8305,0.6291,0.5871,0.5383,0.5317
In which regions of Saudi Arabia was the traditional craft of making “Midad” (woven mats) previously popular?,East,0.9188,0.7237,0.7043,0.6871,0.6846
Which of the following are traditional crafts in the Eastern Region of Saudi Arabia?,East,0.8801,0.8659,0.8584,0.8034,0.788
How is traditional gypsum (“Juss”) produced in Saudi Arabia?,East,0.8639,0.6683,0.6341,0.5563,0.553
"Which Saudi region is known for its distinct types of gypsum, including “Al-Arabi,” “Al-Khikri,” and “Al-Dhikri”?",East,0.9275,0.7609,0.7407,0.677,0.6672
The “Hida Dance” is a traditional dance performed by the people of which region in Saudi Arabia?,East,0.9233,0.7758,0.685,0.6506,0.562
Which of the following are styles of the “Laybooni” art form in Saudi Arabia?,East,0.8826,0.6508,0.6503,0.6448,0.6419
What makes the Al-Ahsa Oasis historically and culturally significant according to UNESCO?,East,0.8776,0.8274,0.6371,0.625,0.621
Which international organization inscribed the Al-Ahsa Oasis on the World Heritage List in 2018?,East,0.9209,0.7937,0.6248,0.612,0.5829
What is Hassawi rice and what conditions does it require for cultivation in Al-Ahsa?,East,0.8636,0.7033,0.6941,0.6394,0.5204
What color characterizes traditional Hassawi rice cultivated in the Al-Ahsa oasis?,East,0.8879,0.7761,0.6859,0.6458,0.5809
What distinguishes the traditional Al-Bisht Al-Hasawi handwoven in Al-Ahsa?,East,0.7702,0.698,0.649,0.6342,0.6235
What is the specialized gold embroidery on the collar of a Hasawi Bisht called?,East,0.8694,0.641,0.5704,0.5588,0.5468
What is Al-Khobz Al-Hamar in Al-Ahsa and what gives it its sweet flavor and dark color?,East,0.7652,0.6593,0.6437,0.602,0.5698
Which natural ingredient is used to sweeten the dough of traditional Hasawi red bread (Al-Khobz Al-Hamar)?,East,0.8351,0.6094,0.5986,0.5779,0.5444
Where is Tarout Castle located and what ancient civilizations does its site connect to?,East,0.8161,0.6491,0.6105,0.597,0.5836
In which governorate of the Eastern Province is the historic Tarout Castle situated?,East,0.8746,0.7127,0.5116,0.4348,0.394
What does the maritime profession of Al-Qallafah entail along the Eastern Province coast?,East,0.8261,0.6178,0.6056,0.5877,0.5833
What is the traditional craftsman who constructs wooden sailing dhows in the Arabian Gulf known as?,East,0.9296,0.7365,0.6335,0.6261,0.6219
What was the role of Al-Nakhutha during traditional pearling expeditions in the Eastern Province?,East,0.8411,0.5323,0.5188,0.5145,0.5116
What was the primary duty of Al-Saib during traditional Gulf pearling dives?,East,0.8882,0.5976,0.5878,0.573,0.5569
Who is Al-Nahham in Eastern Saudi maritime musical traditions?,East,0.8518,0.726,0.7025,0.6478,0.6327
What vocal musical performance was chanted by Al-Nahham on traditional sailing boats in the Eastern Province?,East,0.9156,0.7656,0.6285,0.5911,0.576
What architectural and historical characteristics define Souq Al-Qaisariyah in Al-Ahsa?,East,0.7287,0.6408,0.6248,0.6024,0.5998
In which historic city is the vaulted heritage market Souq Al-Qaisariyah located?,East,0.8647,0.7651,0.6106,0.5932,0.5926
What historical role did Uqair Port serve for the Eastern Province and Central Arabia?,East,0.8279,0.7091,0.6627,0.6133,0.5702
Which historic port served as the primary historic customs gateway on the Gulf for Al-Ahsa and Najd?,East,0.9107,0.7775,0.5987,0.5738,0.567
What distinctive blend of architectural styles characterizes Qasr Ibrahim in Al-Hofuf?,East,0.8652,0.7,0.5883,0.5848,0.5487
What prominent religious structure is located inside the perimeter walls of Ibrahim Palace in Al-Ahsa?,East,0.873,0.671,0.5348,0.5251,0.5243
Why is Jawatha Mosque in Al-Ahsa revered in Islamic architectural history?,East,0.8325,0.6812,0.6766,0.6588,0.5975
Which historic mosque in Al-Ahsa is documented as the location where the second Friday prayer in Islam was held?,East,0.9075,0.7131,0.6251,0.61,0.546
What is Doughat Al-Gharash in Al-Ahsa and what craft is practiced there?,East,0.842,0.6994,0.6311,0.5905,0.589
At the foot of which landmark mountain is the traditional pottery center Doughat Al-Gharash located in Al-Ahsa?,East,0.9058,0.8117,0.5711,0.5398,0.5229
What is the traditional craft of Al-Midad in the Eastern Province?,East,0.8474,0.684,0.6832,0.6502,0.6487
Which natural wetland plant material was traditionally woven to create Hasawi Midad floor mats?,East,0.9262,0.6039,0.4602,0.4456,0.426
What is a Gargoor in traditional Gulf maritime fishing along Eastern Province coasts?,East,0.7782,0.6359,0.5758,0.5422,0.5184
What is the traditional cage-like woven trap used by Gulf fishermen to catch bottom-dwelling fish called?,East,0.9104,0.5887,0.5782,0.5755,0.4817
What is Thobe Al-Nashal in Eastern Saudi Arabian women's clothing?,East,0.8696,0.8039,0.7641,0.731,0.724
Which celebratory women's gown in the Eastern Province is famed for its wide sleeves and lavish metallic gold thread embroidery?,East,0.8903,0.7333,0.6919,0.6911,0.6891
What ingredients are used to prepare the traditional sweet dish Al-Sago in the Eastern Province?,East,0.8787,0.6807,0.6659,0.6647,0.6466
What aromatic flavoring liquid is essential to giving traditional Hasawi Sago its distinct fragrance and taste?,East,0.8941,0.5972,0.5849,0.5411,0.5362
What do the maritime terms Al-Dasha and Al-Qaffal signify in the Gulf pearling heritage of Eastern Saudi Arabia?,East,0.8138,0.687,0.6834,0.6558,0.6246
What term marks the celebratory collective return of pearl divers and ships back to shore at the close of the diving season?,East,0.8511,0.6282,0.6166,0.5307,0.5031
What is the musical art form Al-Fijiri practiced by maritime communities in the Eastern Province?,East,0.8603,0.6082,0.6047,0.604,0.5953
Which percussion water-jar earthenware instrument is traditionally struck to keep the rhythm in Al-Fijiri sea music?,East,0.8846,0.6696,0.6583,0.5719,0.5574
How is Al-Gargee'an celebrated in Eastern Saudi Arabia and on what occasion does it occur?,East,0.8522,0.6215,0.602,0.6,0.597
During which Hijri month is the traditional children's festivity of Gargee'an celebrated across the Eastern Province?,East,0.865,0.5943,0.5016,0.4869,0.4799
What distinguishes the traditional Eastern Province dish Al-Muhammar in its cooking method and pairing?,East,0.8892,0.7056,0.6565,0.6303,0.6257
What sweetening syrup extracted from dates is traditionally used to prepare Al-Muhammar rice in Eastern Saudi Arabia?,East,0.8809,0.7403,0.649,0.6336,0.6271
What historical significance does Beit Al-Bay'ah (House of Allegiance) hold in Al-Ahsa?,East,0.8046,0.6584,0.5507,0.5318,0.525
In which historic quarter of Al-Hofuf is Beit Al-Bay'ah situated?,East,0.9033,0.7679,0.7128,0.6458,0.6379
"What are the historic thermal springs of Al-Ahsa known for, such as Ain Al-Harrah and Ain Najm?",East,0.7703,0.6083,0.5726,0.5479,0.5163
"Which famous warm natural sulfur spring in Al-Mobarraz, Al-Ahsa, has historically been used for both irrigation and therapeutic bathing?",East,0.8754,0.4554,0.4375,0.4361,0.436
Which premier date palm cultivars are historically celebrated as the agricultural pride of Al-Ahsa Oasis?,East,0.849,0.7438,0.7235,0.7092,0.6982
Which date cultivar is globally recognized as the signature premium golden date of Al-Ahsa Oasis?,East,0.9008,0.7562,0.6739,0.5858,0.5777
What is an Al-Midbasa in traditional Al-Ahsa domestic architecture?,East,0.8285,0.6802,0.6588,0.6537,0.6192
What traditional architectural installation in historic Hasawi homes was used to extract pure date syrup without boiling?,East,0.9202,0.593,0.5594,0.4988,0.4832
What is Al-Karr in traditional date palm farming in the Eastern Province?,East,0.8833,0.7365,0.6434,0.6419,0.6419
What traditional woven fiber harness is strapped around a farmer's back to climb tall date palm trees in Al-Ahsa and Qatif?,East,0.9238,0.6257,0.5785,0.576,0.5405
What are the traditional classifications of natural pearls used by pearl merchants (Tawawish) in the Eastern Province?,East,0.8863,0.6632,0.6532,0.6339,0.5422
"What traditional term was given by Gulf pearl merchants to an exceptionally large, spherical, and valuable natural pearl?",East,0.8366,0.6935,0.6486,0.6203,0.5808
What is Al-Fitam and what purpose did it serve during traditional pearl diving expeditions?,East,0.8777,0.5582,0.5533,0.5301,0.5292
What material was traditionally carved to make the diver's nose clip (Al-Fitam) in the Arabian Gulf?,East,0.8846,0.6836,0.5844,0.5727,0.5668
What is Al-Dayeen in the equipment of an Eastern Province pearl diver?,East,0.7594,0.6173,0.598,0.5855,0.5842
Which piece of diving gear was hung around the diver's neck to hold harvested oysters under water?,East,0.8923,0.5766,0.551,0.5433,0.534
"How did traditional pearl divers rapidly descend to deep sea banks, and what tool facilitated this?",East,0.7808,0.6445,0.5727,0.5609,0.5192
What heavy stone or lead sinker was gripped between the diver's toes to descend quickly to the sea floor?,East,0.7912,0.5065,0.4979,0.4817,0.3946
What instruments were used by pearl merchants (Al-Tawawish) in the Eastern Province to grade pearls by diameter?,East,0.8895,0.7184,0.7177,0.6124,0.5681
What perforated brass sieves were used by Gulf merchants to sort natural pearls into standardized size classes?,East,0.8861,0.6799,0.5649,0.5398,0.4532
What characterizes traditional Hasawi architectural gypsum ornamentation (Al-Naqsh Al-Jussi)?,East,0.8658,0.6413,0.6076,0.6053,0.5971
Which artisanal wall plaster art famously decorates traditional interior arches and upper friezes of Hasawi merchant houses?,East,0.8728,0.5857,0.5556,0.4796,0.4676
What defensive architectural purpose did Al-Koot district serve in historic Al-Hofuf?,East,0.8707,0.7137,0.701,0.6302,0.5817
Which historic walled quarter in Al-Hofuf housed regional administrative headquarters and historic military bastions?,East,0.9221,0.7334,0.7245,0.6118,0.595
What is the historical custom of Midfa' Al-Iftar observed in Dammam and Al-Ahsa during Ramadan?,East,0.872,0.5799,0.4735,0.4686,0.4517
What audible ceremonial instrument was traditionally fired at sunset to announce the end of the fasting day in Eastern Saudi cities?,East,0.8868,0.5371,0.5177,0.5023,0.5003
"What was Ain Darous in Tarout Island, Qatif, culturally famous for?",East,0.6813,0.5597,0.5352,0.5055,0.4721
Which historic natural spring flowed at the base of Tarout Castle and sustained the island's date groves for centuries?,East,0.8708,0.5318,0.5304,0.4836,0.4663
Why is the Central Fish Market in Qatif recognized as a major commercial seafood hub in the Eastern Province?,East,0.8586,0.6723,0.6632,0.6266,0.5601
Which coastal city in the Eastern Province hosts one of the largest historic daily seafood auction markets on the Arabian Gulf?,East,0.919,0.7547,0.5579,0.5571,0.5363
What historical role did Darin Port on Tarout Island play in ancient and early Gulf maritime commerce?,East,0.8604,0.7168,0.5007,0.485,0.4727
Which historic port on Tarout Island was immortalized in classical Arabic poetry for trading fragrant musk and natural pearls?,East,0.8974,0.617,0.5255,0.4832,0.4814
What is the traditional folk performance Al-Liwa practiced in coastal Eastern Province communities?,East,0.8268,0.6135,0.5865,0.5655,0.5648
Which double-reed wind instrument provides the leading melodic tunes in traditional Eastern coastal Liwa performances?,East,0.9139,0.648,0.5953,0.5915,0.5813
What is Al-Sufrah Al-Hasawiyah and how is it handcrafted in Al-Ahsa?,East,0.8219,0.6772,0.6709,0.6252,0.5985
What circular woven palm-leaf craft is traditionally unrolled onto the floor to serve communal meals in Eastern Saudi households?,East,0.9298,0.6704,0.6556,0.6458,0.6198
What is Al-Marba'ah (or Al-Mansaf) in traditional palm crafts of the Eastern Province?,East,0.8939,0.7052,0.7025,0.6883,0.6345
Which handicraft category utilizes shredded and soaked date palm leaflets to weave functional agricultural containers in Al-Ahsa and Qatif?,East,0.9121,0.7298,0.6897,0.6673,0.6626
What aromatic herbal plant is famously cultivated under the shade of date palms in Al-Ahsa and tucked into traditional head coverings?,East,0.8714,0.6877,0.6737,0.6088,0.5893
Which fragrant oasis herb is traditionally woven into aromatic sprigs and hair adornments in Al-Ahsa and Qatif?,East,0.8733,0.6932,0.6163,0.5639,0.5598
What is Al-Balaleet and how is it prepared in Eastern Saudi cuisine?,East,0.8631,0.6835,0.6731,0.6585,0.6277
What traditional topping is placed over sweetened saffron-infused vermicelli in authentic Eastern Saudi Balaleet?,East,0.8636,0.6788,0.6704,0.6019,0.5987
What is Al-Murtashah in the traditional gold jewelry heritage of Eastern Saudi Arabia?,East,0.843,0.7336,0.7288,0.6741,0.6492
Which wide traditional gold necklace worn by brides in the Eastern Province features cascading rows of dangling gold sequins across the chest?,East,0.9023,0.7294,0.7135,0.7057,0.6721
What is Al-Kaff in traditional Eastern Gulf women's bridal jewelry?,East,0.8662,0.6693,0.6382,0.6334,0.6276
What traditional bridal gold piece connects a wrist bracelet to five finger rings via delicate golden chains in the Eastern Province?,East,0.8931,0.6759,0.667,0.6614,0.6026
What purpose did porous earthenware vessels like Al-Hab serve in traditional Hasawi households?,East,0.8426,0.641,0.5578,0.5226,0.5128
Which large porous earthenware vessel was traditionally set on a wooden frame to keep drinking water cool in Al-Ahsa and Qatif?,East,0.9349,0.6674,0.5208,0.486,0.481
What characterizes the traditional Hasawi incense burner (Al-Mabkharah Al-Hasawiyah)?,East,0.8949,0.6109,0.607,0.5799,0.579
What material is traditionally hand-hammered and ornamented with metal studs to craft authentic Hasawi incense burners?,East,0.8977,0.7064,0.5809,0.5615,0.5335
What distinguishes the traditional Al-Dallah Al-Hasawiyah used for brewing Arabic coffee?,East,0.8356,0.7276,0.6076,0.5894,0.5869
Which heritage craft guild in Al-Ahsa historically specialized in forging and tin-lining authentic Hasawi coffee pots (Al-Dallah Al-Hasawiyah)?,East,0.9341,0.7478,0.6479,0.6432,0.6285
What historical trade was concentrated in Souq Al-Sayghah in Al-Hofuf?,East,0.8573,0.6529,0.6455,0.6443,0.63
Which specialized commercial alley in historic Al-Hofuf is historically celebrated for handcrafting traditional gold jewelry and pearl settings?,East,0.9148,0.6286,0.6026,0.5885,0.5792
What was the defensive function and structure of the historic Qatif Fortress (Qal'at Al-Qatif)?,East,0.8962,0.8403,0.6141,0.5474,0.5435
Which coastal fortress historically stood as the central walled defensive citadel protecting the historic town of Qatif?,East,0.904,0.8229,0.6004,0.5577,0.4965
What is Khobz Al-Khameer in the traditional bakery heritage of the Eastern Province?,East,0.8599,0.6065,0.6064,0.6002,0.5799
Which spice blend gives traditional Eastern leavened Khameer bread its golden hue and aromatic flavor?,East,0.8709,0.5876,0.5702,0.5623,0.5362
How was meat traditionally preserved in the Eastern Province prior to modern refrigeration using Al-Wadak?,East,0.8825,0.7424,0.6245,0.523,0.5223
What natural rendered substance was historically poured over cooked meat in Eastern households to preserve it airtight without refrigeration?,East,0.8574,0.731,0.5984,0.4768,0.4755
What is the customary ritual sequence observed when receiving guests in a traditional Hasawi majlis?,East,0.8542,0.5524,0.5159,0.4989,0.4968
What metal vessel is traditionally used to sprinkle refreshing rose water over the hands of arriving guests in a Hasawi majlis?,East,0.902,0.6524,0.6486,0.5864,0.5148
What is the traditional craft of Aqfas Al-Jarid in Al-Ahsa and Qatif oases?,East,0.838,0.6745,0.6684,0.6113,0.5878
What specific part of the date palm tree is utilized to construct traditional lightweight bird cages and fruit crates in the Eastern Province?,East,0.8747,0.5734,0.5467,0.5436,0.5351
What is Al-Hadrah in the traditional maritime fishing methods of the Arabian Gulf?,East,0.83,0.6191,0.6083,0.5873,0.5803
Which traditional fishing structure relies on the natural ebb of Gulf tides to trap fish inside fixed coastal reed enclosures?,East,0.8774,0.5802,0.5206,0.491,0.4897
What is Al-Saliah and how is it operated by Eastern Province coastal fishermen?,East,0.8441,0.5965,0.5771,0.5694,0.5464
What is the circular handheld throw net lined with lead sinkers used in shallow Gulf shorelines called?,East,0.9233,0.5025,0.4967,0.475,0.4379
What role does fragrant Al-Mashmoom play during traditional bridal henna nights in the Eastern Province?,East,0.8772,0.6136,0.5987,0.5486,0.5413
What color is traditionally worn by brides during the celebratory Laylat Al-Henna in the Eastern Province?,East,0.9002,0.7526,0.7071,0.5968,0.5819
What was the economic prominence of historic Jubail before the modern industrial era?,East,0.755,0.6713,0.4375,0.421,0.4053
What primary natural resource economy historically sustained the coastal town of Jubail before modern industrial development?,East,0.8696,0.6376,0.4976,0.4608,0.4428
What historical event took place at Qasr Khazam in Al-Hofuf during the unification of Saudi Arabia?,East,0.8179,0.6168,0.5824,0.5813,0.5727
Which historic fort in Al-Hofuf witnessed the surrender of the garrison to King Abdulaziz during the recovery of Al-Ahsa in 1913?,East,0.9246,0.7531,0.6011,0.542,0.5419
Why is Al-Madrasa Al-Amiriyah (The Royal School) in Al-Hofuf considered an architectural and educational landmark?,East,0.8983,0.8084,0.5638,0.5372,0.5344
Which historic landmark school in Al-Hofuf is celebrated for its elegant two-story arcaded courtyard and early role in regional education?,East,0.8955,0.7809,0.5775,0.5497,0.5282
What is Al-Ghallah (or Al-Khasafah) in the traditional date harvesting practices of Al-Ahsa?,East,0.9182,0.7077,0.6798,0.6534,0.6533
What woven palm-leaf sack is traditionally packed with dates and stitched shut for curing in Al-Ahsa oases?,East,0.8919,0.6764,0.674,0.6479,0.6062
What was the guild of Al-Hammarah in historic Al-Ahsa and Qatif?,East,0.7581,0.5966,0.5604,0.5526,0.5173
What celebrated local working animal breed was historically known for carrying water jugs and agricultural produce across Al-Ahsa trails?,East,0.8454,0.5739,0.5622,0.5337,0.5321
How are traditional Luqaimat served during Ramadan and Eid in the Eastern Province?,East,0.7985,0.5891,0.5828,0.5631,0.5614
What traditional sweet syrup is authentic to drizzle over freshly fried Luqaimat in Al-Ahsa and the Eastern Province?,East,0.8777,0.6551,0.6162,0.5955,0.5894
What is Al-Mukhannag in the traditional jewelry of women in the Eastern Province?,East,0.8512,0.7391,0.71,0.6631,0.6545
Which traditional tight gold choker necklace is known in Eastern Province bridal adornment?,East,0.8761,0.7193,0.7096,0.6486,0.6467
What is Al-Bukhnuq and who traditionally wore it in the Eastern Province?,East,0.8213,0.6067,0.5981,0.5667,0.5642
Which traditional black head covering embroidered with golden threads was worn by young girls before marriage in Eastern Saudi Arabia?,East,0.9085,0.6615,0.6333,0.6285,0.6227
What is Al-Darah in Eastern Province traditional gold ornaments?,East,0.8184,0.6728,0.6377,0.5958,0.5944
What circular gold ornament is traditionally suspended over the forehead by brides in the Eastern Province?,East,0.8272,0.6546,0.6337,0.6295,0.5974
What is Al-Shnaf in Eastern Gulf traditional jewelry?,East,0.8042,0.6829,0.6609,0.6498,0.6401
Which traditional crescent-shaped gold facial jewelry piece was worn by women in the Eastern Province?,East,0.865,0.7065,0.6805,0.6772,0.6559
What distinguishes Thobe Al-Mufahhah in Eastern traditional women's clothing?,East,0.8623,0.768,0.7533,0.7241,0.7049
Which traditional women's thobe in the Eastern Province is constructed from vertical contrasting colored fabric bands sewn together?,East,0.893,0.6941,0.6667,0.626,0.6163
What is Al-Mansaj in the traditional Hasawi bisht-weaving craft?,East,0.8806,0.6949,0.6819,0.6663,0.6552
What is the wooden handloom used by Hasawi weavers to spin cloak fabrics called?,East,0.9078,0.6,0.5711,0.5279,0.511
What was the craft of Al-Saffarah in the historical souqs of Al-Ahsa and Qatif?,East,0.7567,0.553,0.5502,0.5494,0.5486
What molten metal was traditionally wiped inside copper cooking pots by Hasawi craftsmen to prevent toxicity and corrosion?,East,0.8912,0.6286,0.5315,0.5225,0.4748
What items were traditionally produced by the woodturner (Al-Kharrat) in Al-Ahsa?,East,0.8971,0.6009,0.6002,0.5987,0.5979
What traditional baby cradle was hand-turned from timber by carpenters in the Eastern Province?,East,0.8529,0.4476,0.4367,0.433,0.4263
What did the traditional tinsmith (Al-Tanakchi / Al-Tanakir) manufacture in Eastern markets?,East,0.8721,0.6124,0.5519,0.5468,0.5406
Which household illumination device was handcrafted by Eastern tinsmiths from sheet tin and glass?,East,0.8682,0.671,0.4726,0.4225,0.3928
How does the natural microclimate of Jabal Al-Qarah caves benefit pottery making at Doughat Al-Gharash?,East,0.876,0.7255,0.6439,0.6043,0.4624
Why were pottery workshops historically established inside or near the caves of Jabal Al-Qarah?,East,0.8675,0.7593,0.6233,0.5416,0.491
What is a Badgeer in traditional coastal Eastern Province architecture?,East,0.8256,0.5895,0.5321,0.5014,0.4888
What architectural cooling element was integrated into traditional coastal roofs to funnel breezes into the house?,East,0.89,0.4524,0.4477,0.4205,0.4037
What purpose did wooden Roshan window screens serve in traditional coastal Eastern homes?,East,0.9174,0.6631,0.5298,0.4742,0.4399
What crafted wooden architectural screen provided privacy and ventilation on the upper facades of historic Eastern buildings?,East,0.9126,0.6341,0.5429,0.5196,0.5196
What is Al-Liwan in the layout of a traditional courtyard house in Al-Ahsa?,East,0.9097,0.7038,0.6761,0.6291,0.5944
What is the shaded arcaded portico facing the inner courtyard in historic Hasawi homes called?,East,0.881,0.5783,0.571,0.5665,0.5568
What was Al-Khan at the historic Port of Uqair?,East,0.8164,0.7325,0.6693,0.653,0.5067
Which historic structure at Uqair Port provided lodging for traveling merchants and stables for arriving trade caravans?,East,0.9075,0.6988,0.6188,0.5991,0.5494
What is the historic Muraba'ah Watchtower in Dammam and what was its original function?,East,0.8021,0.6039,0.5732,0.5283,0.4293
What historical defensive stone tower was erected along the Dammam coast to guard the shoreline?,East,0.8358,0.6605,0.4848,0.4667,0.4571
Why is the natural thermal spring Ain Umm Sab'ah in Al-Ahsa named as such?,East,0.7524,0.6788,0.5375,0.5232,0.4654
How many natural distribution channels historically branched out from the famous Hasawi spring Ain Umm Sab'ah?,East,0.8701,0.5334,0.4157,0.3566,0.3528
What significance did Ain Al-Khadoud hold in the irrigation history of Al-Ahsa Oasis?,East,0.8096,0.6606,0.5878,0.5532,0.5466
Which major historic artesian spring in Al-Hofuf served as a central water source for oasis-wide irrigation canal systems?,East,0.9086,0.7273,0.5422,0.5103,0.5096
What was the town of Saihat historically renowned for along the Eastern Province coast?,East,0.8569,0.6132,0.441,0.4261,0.4087
Which Eastern Province coastal city south of Qatif is historically known for its combination of date farms and tidal fishing traps?,East,0.9263,0.608,0.5556,0.5434,0.5425
Why is Safi fish (Rabbitfish) prized in Eastern Province seafood gastronomy?,East,0.8544,0.547,0.5274,0.5223,0.4798
Which small local saltwater fish from Tarout and Qatif waters is traditionally fried whole and paired with sweet Muhammar rice?,East,0.9085,0.6359,0.6289,0.6232,0.5804
What is Kanad fish and how is it traditionally prepared in the Eastern Province?,East,0.7914,0.6823,0.6451,0.5579,0.5541
Which prized Gulf fish is typically sliced into cross-cut steaks and cooked into Eastern Machboos or fried with turmeric and coriander?,East,0.8941,0.5909,0.5595,0.5392,0.5303
How was shrimp traditionally preserved in coastal Eastern cities before modern freezers?,East,0.8497,0.7036,0.4707,0.4608,0.455
What method was historically used by Qatif and Tarout coastal communities to preserve seasonal shrimp harvests?,East,0.8768,0.6583,0.5617,0.4788,0.4383
What key ingredient gives authentic Eastern Machboos its distinctive tangy aromatic character?,East,0.8545,0.5403,0.5374,0.5006,0.4917
Which dried citrus fruit is essential in flavoring authentic Eastern Province Machboos rice broth?,East,0.8867,0.7258,0.666,0.5352,0.5296
What is Saloona Bahriyah in the coastal heritage of the Eastern Province?,East,0.7797,0.6184,0.525,0.5237,0.5108
What is the traditional spice-infused seafood and vegetable stew of the Eastern Province called?,East,0.857,0.6038,0.5974,0.5969,0.5713
What is Chai Loomi and why is it traditionally consumed in Al-Ahsa?,East,0.8673,0.6605,0.646,0.4773,0.4726
What dried fruit is boiled in water to prepare the popular digestive hot infusion Chai Loomi in Al-Ahsa?,East,0.8798,0.6977,0.6349,0.5644,0.5355
What is Haleeb Bil-Halbah in traditional Hasawi winter culture?,East,0.8395,0.5252,0.5153,0.5071,0.4885
Which medicinal seed is infused into hot milk and sweetened with date syrup during winter in Al-Ahsa?,East,0.9005,0.604,0.5616,0.5534,0.5443
What distinguishes Eastern Saudi Sayadiyah from other regional rice dishes?,East,0.8833,0.7047,0.7032,0.6832,0.6641
What culinary step gives Sayadiyah rice its signature deep brown color and rich savory aroma?,East,0.836,0.5529,0.5208,0.5205,0.4688
What is Al-Mafroukah in the dessert traditions of Al-Ahsa?,East,0.8385,0.6363,0.6158,0.5988,0.597
Which traditional date sweet in Al-Ahsa is prepared by thoroughly rubbing dates and crumbled bread with ghee and spices by hand?,East,0.9202,0.7086,0.6886,0.6628,0.6609
What is Al-Afous in the culinary traditions of Qatif and Al-Ahsa?,East,0.7996,0.6635,0.6506,0.6372,0.6053
Which warm date-and-flour dessert is traditionally served to nourish nursing mothers in Eastern Saudi culture?,East,0.9353,0.5788,0.5754,0.5707,0.5529
What songs and chants characterized the day of Al-Qaffal in Gulf coastal settlements?,East,0.865,0.6453,0.6267,0.6101,0.5627
Who performed celebratory choral anthems upon ship arrivals during the historic Al-Qaffal pearl return day?,East,0.8566,0.6364,0.5206,0.5122,0.4688
What is the maritime art form Al-Sankali in Eastern Province sea heritage?,East,0.7873,0.7659,0.5924,0.5888,0.5593
Which Eastern sea performing art features syncopated rhythmic clapping and low resonant vocal drones on dhows?,East,0.9182,0.6009,0.5978,0.5969,0.5893
What is Al-Khatfah in the musical working traditions of Gulf dhow sailors?,East,0.8312,0.646,0.6386,0.6247,0.6032
What specific labor task on board a sailing dhow was synchronized by chanting Al-Khatfah?,East,0.872,0.6861,0.5531,0.5303,0.5096
What is Al-Majdaf in traditional maritime folk songs?,East,0.8762,0.6017,0.5782,0.5592,0.5568
Which maritime chant synchronized the physical pulling of oars when sailing ships were becalmed?,East,0.8815,0.4695,0.4647,0.4495,0.4115
What is the customary tradition of Futoor Al-Eid in old neighborhoods of Al-Ahsa?,East,0.8081,0.5853,0.5757,0.567,0.5014
Where is the traditional collective Eid breakfast banquet laid out by Hasawi neighbors on Eid morning?,East,0.853,0.6634,0.6534,0.6247,0.6092
What is the agricultural practice of Al-Tanqeekh (or Al-Liqah) in Al-Ahsa date oases?,East,0.8633,0.6317,0.631,0.6282,0.6278
What seasonal manual agricultural task is undertaken by Hasawi farmers in spring to ensure fruit development on date palms?,East,0.8846,0.5681,0.5654,0.5152,0.4888
What is Suram Al-Nakheel in the cultural and agricultural calendar of the Eastern Province?,East,0.8355,0.6552,0.6315,0.5965,0.56
What is the traditional date palm harvest season called in Al-Ahsa and Qatif?,East,0.8817,0.7251,0.7031,0.6864,0.659
What is Hammam Abu Louza in Qatif and what historical purpose did it serve?,East,0.8031,0.54,0.4351,0.4278,0.4207
Which historic thermal bathhouse in Qatif is renowned for its traditional hemispherical brick domes and natural sulfur waters?,East,0.8844,0.539,0.5246,0.5047,0.4737
What is Burj Al-Tawiya (Al-Tawiya Tower) in Jubail and why was it constructed in 1928?,East,0.8822,0.6095,0.5139,0.496,0.4947
Which historic watchtower was constructed in Jubail in 1928 to guard an essential freshwater spring?,East,0.8917,0.6208,0.5151,0.3741,0.3513
What is Souq Al-Hob (Love Market) in Dammam historically known for in Eastern commerce?,East,0.8931,0.7901,0.6673,0.6343,0.6109
Which historic market in downtown Dammam is famous for its concentration of gold merchants and bridal jewelry shops?,East,0.9001,0.6744,0.5169,0.4992,0.468
What is Souq Al-Khamis in Qatif and what goods were traditionally traded there?,East,0.8375,0.6804,0.6577,0.6162,0.6159
On which day of the week was the historic open-air market in Qatif traditionally held?,East,0.9025,0.6568,0.508,0.483,0.4594
What is the historical origin of the desert settlement of Hafr Al-Batin?,East,0.8439,0.6563,0.5914,0.5633,0.5335
Which Islamic figure historically ordered the excavation of the famous traveler wells along Wadi Al-Batin that founded Hafr Al-Batin?,East,0.8874,0.7079,0.5793,0.5147,0.5031
Why is Al-Nu'ayriyah famously termed 'The Capital of Spring' in the Eastern Province?,East,0.8838,0.6251,0.472,0.4684,0.4591
Which Eastern Province desert town is celebrated for its winter spring heritage festival and traditional desert camping markets?,East,0.8167,0.6006,0.5292,0.5082,0.4521
What is Asfar Lake (Yellow Lake) in Al-Ahsa and what ecological role does it play in the UNESCO oasis?,East,0.8965,0.7821,0.6798,0.6259,0.577
Which scenic natural wetland lake surrounded by sand dunes is situated on the eastern edge of Al-Ahsa Oasis?,East,0.8728,0.7027,0.6467,0.5838,0.5442
What characterizes the traditional marine and coastal environment of Al-Khafji?,East,0.8351,0.6359,0.598,0.545,0.5301
Which seasonal coastal wildlife heritage practice is traditionally observed in Al-Khafji during autumn migrations?,East,0.8706,0.6603,0.5143,0.5117,0.5091
What role did Souq Al-Suwaiket play in the urban and commercial history of Al-Khobar?,East,0.8067,0.5191,0.5057,0.4991,0.4974
Which iconic shopping boulevard in Al-Khobar has been celebrated for decades for bridal fabrics and traditional abayas?,East,0.9215,0.624,0.5944,0.582,0.5798
What historical event led to the founding of Hayy Al-Dawasir (Al-Dawasir Quarter) in Dammam?,East,0.828,0.7683,0.5126,0.4838,0.4743
In which decade did the coastal tribal settlement of Hayy Al-Dawasir establish the foundation of modern Dammam?,East,0.8976,0.7685,0.4809,0.4753,0.4449
Why is Hafr Al-Batin culturally celebrated across Saudi Arabia during late winter for Al-Faq'a (Desert Truffles)?,East,0.9201,0.7399,0.6863,0.6837,0.6434
Which prized white desert truffle variety is intensely gathered and auctioned in Hafr Al-Batin after winter rains?,East,0.9163,0.7151,0.6889,0.6558,0.5309
What historical maritime role did the cape of Ras Tanura serve along Arabian Gulf shipping corridors?,East,0.8417,0.703,0.5238,0.5008,0.4975
What geographical feature characterizes the maritime layout of historic Ras Tanura on the Arabian Gulf?,East,0.8895,0.7507,0.5999,0.5676,0.5556
What archaeological treasures discovered on Tarout Island demonstrate its ancient global trade connectivity?,East,0.8497,0.6861,0.5701,0.5258,0.5126
Which ancient civilization's seals and artifacts are extensively discovered across archaeological strata on Tarout Island?,East,0.8952,0.7643,0.5281,0.5136,0.4894
How was sea salt traditionally harvested along Eastern coastal sabkhas in Qatif and Jubail?,East,0.8682,0.5745,0.5423,0.5323,0.5162
What shallow coastal evaporation pans were utilized by Gulf communities to extract artisanal sea salt?,East,0.8456,0.6304,0.5723,0.4752,0.4512
What is Al-Miflaqah (or Al-Miflaq) in Gulf pearling equipment?,East,0.8713,0.5812,0.5744,0.5681,0.5648
Which specialized curved knife was used on pearl boat decks to pry open harvested oyster shells?,East,0.8856,0.5823,0.5154,0.4641,0.4571
What horticultural fruits are traditionally intercropped beneath the palm canopies of Al-Ahsa and Qatif oases?,East,0.8679,0.616,0.613,0.5826,0.5762
Which large citrus fruit cultivated in Al-Ahsa oases is historically used to make fragrant preserves and seasonal juice?,East,0.9026,0.5865,0.5326,0.5215,0.5141
Why is the Khobar Water Tower recognized as an iconic modern architectural landmark in the Eastern Province?,East,0.8201,0.692,0.4727,0.4299,0.424
In which coastal city is the celebrated architectural Corniche Water Tower located?,East,0.84,0.4756,0.3826,0.376,0.3723
What is Al-Kharit in the rare agricultural sweet heritage of the Eastern Province?,East,0.8722,0.6943,0.637,0.6363,0.6333
Which golden traditional sweet is made from the steamed pollen of marsh cattail reeds (Al-Bardi)?,East,0.8971,0.6815,0.5241,0.5225,0.5012
What is Al-Marqooq in the culinary heritage of Al-Ahsa?,East,0.8471,0.6303,0.6252,0.6246,0.614
What dough technique characterizes the preparation of Hasawi Marqooq?,East,0.8302,0.5437,0.5271,0.5171,0.5026
What distinguishes the traditional woodcraft of Al-Abwab Al-Manqoushah (Carved Wooden Doors) in Qatif?,East,0.9116,0.6036,0.5955,0.5722,0.5631
What prominent decorative carvings were traditionally chiseled into heavy historic residential entrance doors in Qatif?,East,0.902,0.7046,0.5388,0.5072,0.4702
What characterizes Thobe Al-Hashimi in Eastern Saudi traditional women's wear?,East,0.9007,0.7944,0.7891,0.7634,0.7307
"Which traditional women's over-dress in the Eastern Province is famed for its exceptionally wide, draped sleeves and festive embroidery?",East,0.822,0.8146,0.688,0.6448,0.6308
What is Al-Milfa' in traditional Eastern Province women's attire?,East,0.8363,0.7155,0.7119,0.7043,0.6944
What rectangular silk or cotton veil is wrapped around the head and chin by women in the Eastern Province?,East,0.8417,0.7054,0.6639,0.649,0.6416
"What distinguished the two historic sailing dhow types, Al-Bum and Al-Sanbouk, along the Eastern Province coast?",East,0.8274,0.6671,0.619,0.6124,0.6112
Which traditional wooden dhow design featuring a high curved prow was considered the quintessential pearling flagship in the Arabian Gulf?,East,0.9451,0.7331,0.6348,0.5812,0.5779
What are Al-Heerat in the navigational and maritime geography of the Eastern Province?,East,0.7724,0.5884,0.5612,0.5599,0.5519
What traditional Gulf term designates natural offshore shallow seabed banks where pearl oysters thrive?,East,0.8932,0.6433,0.6041,0.5976,0.5801
What is the traditional preservation technique of Kanz Al-Tamr in Al-Ahsa?,East,0.8535,0.6269,0.4839,0.4807,0.47
What is the process of compressing and packing dates into airtight sacks under heavy weights in Al-Ahsa called?,East,0.8832,0.6036,0.536,0.5348,0.4919
What is Al-Meshkhool in the traditional cooking repertoire of the Eastern Province?,East,0.8398,0.7007,0.6797,0.6577,0.6038
What culinary step gives the Eastern dish Al-Meshkhool its name?,East,0.8172,0.8075,0.6224,0.5981,0.5808
What is Al-Mutafeea in the seafood culinary heritage of Qatif and Tarout?,East,0.8445,0.6001,0.5884,0.5574,0.5542
Which tangy fruit extract is essential to balancing the salty flavor in the traditional Qatifi fish stew Al-Mutafeea?,East,0.93,0.6719,0.5195,0.5087,0.5029
What herbal leaves are traditionally infused into boiling black tea across Al-Ahsa oases?,East,0.8644,0.6676,0.6667,0.6505,0.5818
Which fragrant green herb grown in Al-Ahsa farms is famously steeped in daily tea pots for guests?,East,0.8385,0.6812,0.6523,0.593,0.5729
What was the traditional children's folk game Al-Dahrooj in Eastern Province alleyways?,East,0.8668,0.7918,0.693,0.6573,0.5608
What physical object did children propel along neighborhood alleys in the traditional folk game Al-Dahrooj?,East,0.8474,0.7926,0.7829,0.5876,0.5538
How was the traditional strategy board game Al-Sibbah played in Eastern settlements?,East,0.9014,0.5891,0.5568,0.5495,0.5481
What natural counters were traditionally used by players moving across sand grids in Al-Sibbah?,East,0.9126,0.5917,0.5484,0.4691,0.4671
What is the mechanical design of the mock horse frame worn in the celebratory folk art Al-Fareesa?,East,0.8927,0.7559,0.5191,0.4504,0.449
What structure is worn around the waist by the central dancer in the traditional festive art of Al-Fareesa?,East,0.848,0.6544,0.637,0.6092,0.5914
"Why is the historic Al-Dibs Mosque in Al-Koot district, Al-Hofuf, architecturally notable?",East,0.8713,0.752,0.699,0.6477,0.6262
In which century was the historic Al-Dibs Mosque erected within the fortified Al-Koot district of Al-Hofuf?,East,0.873,0.7534,0.6949,0.6495,0.6264
What architectural role did Qasr Sahood in Al-Mobarraz play in the regional defense of Al-Ahsa?,East,0.8905,0.6465,0.6089,0.5518,0.5491
"Which historic fortress in Al-Mobarraz, Al-Ahsa, is characterized by seven defensive corner bastions guarding city approaches?",East,0.8323,0.6696,0.6508,0.6079,0.6005
What historical agricultural landmark was restored as the Central Awamiyah Cultural Center in Qatif?,East,0.877,0.6732,0.5068,0.4913,0.4828
In which town of Qatif Governorate is the modernized cultural project celebrating traditional architecture and palm heritage located?,East,0.8725,0.6137,0.5705,0.539,0.5349
Why is Prosperity Well No. 7 (Bi'r Al-Khair) on Jebel Dhahran historic in Saudi Arabian modern heritage?,East,0.7961,0.6818,0.582,0.5763,0.5632
In which year did Prosperity Well No. 7 (Bi'r Al-Khair) in Dhahran strike commercial oil reserves for the kingdom?,East,0.9121,0.7553,0.6629,0.4986,0.4937
What historical diplomatic event took place at Ain Najm outside Al-Mobarraz in Al-Ahsa?,East,0.8129,0.6216,0.531,0.5277,0.5001
Which domed mineral spring site north of Al-Mobarraz historically served as a diplomatic meeting ground for regional treaties?,East,0.9062,0.5606,0.4317,0.418,0.4155
Who was Al-Sakkab (or Al-Gharraf) in traditional agricultural oases of the Eastern Province?,East,0.8374,0.5947,0.5699,0.549,0.5474
What traditional heavy leather bucket was lifted from oasis wells by draught oxen or donkeys to irrigate crops?,East,0.8519,0.5753,0.4942,0.4826,0.4699
What percussion instruments define the rhythm of traditional Eastern folk arts like Al-Sout and Al-Fijiri?,East,0.8518,0.6969,0.6622,0.6275,0.6271
Which small double-headed wooden drum struck with alternating palms is central to Eastern Sout and sea music?,East,0.8726,0.5633,0.5629,0.5165,0.4921
What was the folk game Al-Khabsah played by coastal children and women in the Eastern Province?,East,0.8638,0.6457,0.626,0.5885,0.5791
What natural marine items were commonly gathered from shorelines to play the traditional catching game Al-Khabsah?,East,0.8673,0.5767,0.5735,0.5482,0.5223
How has the consumption of traditional Hasawi red date bread (Al-Khobz Al-Hamar) evolved as an iconic local breakfast and street food?,East,0.917,0.677,0.6522,0.6408,0.5557
Which savory filling is widely stuffed inside hot Hasawi red date bread as a signature street-food breakfast today?,East,0.8907,0.7434,0.5995,0.5775,0.5706
What is the most common dish in Northern Saudi Arabia?,North,0.884,0.8068,0.7956,0.7942,0.789
What is the most common dessert in Northern Saudi Arabia?,North,0.8663,0.864,0.7755,0.729,0.7194
What is the most popular street food in Northern Saudi Arabia?,North,0.8383,0.837,0.7783,0.7241,0.7237
What is the most common breakfast dish in Northern Saudi Arabia?,North,0.8657,0.8615,0.8055,0.7823,0.7818
What is the most popular traditional drink in Northern Saudi Arabia?,North,0.8287,0.8215,0.7089,0.7025,0.6747
What is the traditional men’s clothing in Northern Saudi Arabia?,North,0.8708,0.8656,0.8145,0.8125,0.7571
What is the traditional women’s clothing in Northern Saudi Arabia?,North,0.8491,0.8482,0.8232,0.8224,0.8132
What is the traditional dish for breakfast on Eid Al-Fitr in Northern Saudi Arabia?,North,0.8823,0.88,0.8144,0.8094,0.8009
What are the traditional dances common in Northern Saudi Arabia?,North,0.8918,0.8866,0.7281,0.726,0.6948
What is the traditional musical style common in Northern Saudi Arabia?,North,0.8894,0.8887,0.7875,0.7856,0.7132
What are the traditional crafts common in Northern Saudi Arabia?,North,0.8361,0.8348,0.7167,0.7101,0.7062
What are the items a bride buys for her wedding in Northern Saudi Arabia?,North,0.8287,0.8233,0.6513,0.637,0.6273
What is the average dowry given to the bride in Northern Saudi Arabia?,North,0.8784,0.8757,0.5748,0.5708,0.5286
What are some traditional meals associated with Eid Al-Adha in Northern Saudi Arabia?,North,0.9224,0.8855,0.7473,0.7428,0.6679
What are the most common greetings in Northern Saudi Arabia?,North,0.886,0.8672,0.7835,0.732,0.7083
What does placing your hand over a coffee cup mean in Northern Saudi culture?,North,0.9078,0.8815,0.72,0.6572,0.656
What is the typical amount of coffee served to guests in Northern Saudi Arabia?,North,0.8594,0.848,0.6368,0.6312,0.6219
Is it acceptable for the host to eat with the guests in Northern Saudi hospitality?,North,0.9084,0.9036,0.7053,0.6576,0.6572
Is it acceptable to serve coffee before dates in Northern Saudi hospitality?,North,0.9153,0.7666,0.707,0.6834,0.6548
What is the name of the night before Eid in the Northern region of Saudi Arabia?,North,0.8479,0.8305,0.661,0.6331,0.6256
"Where is the traditional game ""Al-Fashaq"" popular in Saudi Arabia?",North,0.9045,0.903,0.8243,0.7757,0.7562
What is the Saudi traditional game similar to bowling in Northern Saudi Arabia?,North,0.9023,0.8893,0.7344,0.6892,0.6868
"Where is the dance ""Al-Ashouri"" famous in Saudi Arabia?",North,0.8769,0.8725,0.7239,0.6637,0.6376
"When is the game ""Adheem Lah Wayn Gada Wayn Rah"" played in Northern Saudi Arabia?",North,0.8869,0.8786,0.6423,0.6265,0.619
What is the most common dish in Northern Saudi Arabia?,North,0.884,0.8068,0.7956,0.7942,0.789
What is the most common dessert in Northern Saudi Arabia?,North,0.8663,0.864,0.7755,0.729,0.7194
What is the most popular street food in Northern Saudi Arabia?,North,0.8383,0.837,0.7783,0.7241,0.7237
What is the most common breakfast dish in Northern Saudi Arabia?,North,0.8657,0.8615,0.8055,0.7823,0.7818
What is the most popular traditional drink in Northern Saudi Arabia?,North,0.8287,0.8215,0.7089,0.7025,0.6747
What is the traditional men’s clothing in Northern Saudi Arabia?,North,0.8708,0.8656,0.8145,0.8125,0.7571
What is the traditional women’s clothing in Northern Saudi Arabia?,North,0.8491,0.8482,0.8232,0.8224,0.8132
What is the traditional musical style common in Northern Saudi Arabia?,North,0.8894,0.8887,0.7875,0.7856,0.7132
What are the traditional dances common in Northern Saudi Arabia?,North,0.8918,0.8866,0.7281,0.726,0.6948
What is the traditional dish for breakfast on Eid Al-Fitr in Northern Saudi Arabia?,North,0.8823,0.88,0.8144,0.8094,0.8009
What are the traditional crafts common in Northern Saudi Arabia?,North,0.8361,0.8348,0.7167,0.7101,0.7062
What are the items a bride buys for her wedding in Northern Saudi Arabia?,North,0.8287,0.8233,0.6513,0.637,0.6273
What is the average dowry given to a bride in Northern Saudi Arabia?,North,0.8785,0.8732,0.5673,0.5633,0.5268
What are some traditional meals associated with Eid Al-Adha in Northern Saudi Arabia?,North,0.9224,0.8855,0.7473,0.7428,0.6679
What are the most common greetings in Northern Saudi Arabia?,North,0.886,0.8672,0.7835,0.732,0.7083
What is the name of the night before Eid in the Northern region of Saudi Arabia?,North,0.8479,0.8305,0.661,0.6331,0.6256
"Where is the traditional game ""Al-Fashaq"" popular in Saudi Arabia?",North,0.9045,0.903,0.8243,0.7757,0.7562
What is the Saudi traditional game similar to bowling?,North,0.8833,0.8569,0.7039,0.6624,0.6368
"Where is the dance ""Al-Ashouri"" famous in Saudi Arabia?",North,0.8769,0.8725,0.7239,0.6637,0.6376
"When is the game ""Adheem Lah Wayn Gada Wayn Rah"" played in Northern Saudi Arabia?",North,0.8869,0.8786,0.6423,0.6265,0.619
What does placing your hand over a coffee cup mean in Northern Saudi culture?,North,0.9078,0.8815,0.72,0.6572,0.656
What is the typical amount of coffee served to guests in Northern Saudi Arabia?,North,0.8594,0.848,0.6368,0.6312,0.6219
What are the unique hospitality traditions in Northern Saudi Arabia?,North,0.7683,0.7373,0.7115,0.6984,0.6909
Is it acceptable for the host to eat with the guests in Northern Saudi hospitality?,North,0.9084,0.9036,0.7053,0.6576,0.6572
What architectural planning system does traditional architecture in Al-Jouf rely on?,North,0.8725,0.5548,0.5166,0.4986,0.451
"What happens during ""Al-Shabbat"" in Northern Saudi Arabia?",North,0.832,0.7227,0.6747,0.5697,0.562
"What is ""Khashrat Al-Eid"" in Hail, and how is it celebrated?",North,0.8798,0.5008,0.4953,0.4921,0.4867
"What is a common dish served in Hail during Eid, showcasing housewives’ cooking skills?",North,0.7857,0.5917,0.5564,0.516,0.5135
How do families in Hail ensure everyone in the neighborhood tastes each other’s food during Eid breakfast?,North,0.8265,0.5158,0.5009,0.4756,0.4621
What are common gathering places in Northern Saudi Arabia?,North,0.8172,0.7187,0.7027,0.6978,0.6977
"What makes Marid Castle in Dumat Al-Jandal, Al-Jouf, an iconic historical fortress?",North,0.8092,0.7758,0.6098,0.6084,0.5894
Which ancient military citadel built on a rocky bluff overlooks the historic oasis of Dumat Al-Jandal in Al-Jouf?,North,0.8999,0.646,0.6303,0.6115,0.6011
Why is the minaret of the Mosque of Omar bin Al-Khattab in Dumat Al-Jandal unique in Islamic architectural history?,North,0.8815,0.6943,0.5494,0.5405,0.5226
Which historic mosque in Al-Jouf features what is considered the oldest surviving stone minaret in the Arabian Peninsula?,North,0.9115,0.7763,0.5377,0.535,0.5292
What is the archaeological site of Al-Rajajil near Sakaka and what period does it date to?,North,0.8747,0.6291,0.6203,0.6059,0.5824
"Which prehistoric site in Al-Jouf features clusters of 6,000-year-old standing sandstone pillars aligned astronomically?",North,0.7792,0.6003,0.5778,0.5738,0.5426
What defensive role did Za'abal Castle play in the human settlement of Sakaka?,North,0.8611,0.7098,0.5482,0.5046,0.4736
Which mountaintop fortress built from mud brick and sandstone overlooks and guarded the historic water wells of Sakaka?,North,0.8459,0.7033,0.6434,0.6369,0.6155
Why is the Al-Jouf region recognized as the premier olive-producing capital of the Middle East?,North,0.8825,0.6665,0.5361,0.5335,0.521
Which northern province of Saudi Arabia is celebrated globally for hosting millions of olive trees and producing premium extra virgin olive oil?,North,0.9136,0.6773,0.6394,0.638,0.6087
What ingredients are traditionally combined to make the signature Al-Jouf dessert Al-Bakilah (Al-Bakliyah)?,North,0.9133,0.6244,0.6059,0.5584,0.5403
Which wild desert plant flour is mixed with dates and ghee to create the authentic Al-Jouf sweet Al-Bakilah?,North,0.8872,0.7505,0.5996,0.5893,0.5787
What is Al-Samh and how is it traditionally harvested in the Northern plains?,North,0.8853,0.6129,0.597,0.5963,0.5937
What water-soaking process is traditionally used to separate the seeds from the dried capsules of the Northern Samh plant?,North,0.8892,0.5025,0.3955,0.3905,0.3897
What characterizes the famous Helwah Al-Jouf date variety?,North,0.8267,0.6138,0.5367,0.5324,0.53
Which amber-red date cultivar is celebrated as the premier traditional date of Al-Jouf oases?,North,0.8948,0.665,0.5015,0.4922,0.4865
What historical role did Tabuk Castle (Qal'at Tabuk) serve along the Syrian pilgrimage route?,North,0.8981,0.6893,0.6493,0.6469,0.6172
Near which historic natural spring visited by the Prophet during the Expedition of Tabuk was Tabuk Castle constructed?,North,0.8496,0.6961,0.6526,0.5896,0.4906
Why is Bir Haddaj in Tayma considered a legendary landmark of ancient water engineering?,North,0.831,0.6606,0.5137,0.4784,0.4578
"Which ancient well in Tayma is famous as one of the largest ancient wells in the world, capable of operating up to 99 camels simultaneously?",North,0.8058,0.6599,0.5381,0.528,0.5081
What major ancient historical event occurred in Tayma during the 6th century BCE?,North,0.7765,0.6098,0.55,0.5153,0.4991
"Which Babylonian monarch resided in Tayma Oasis for a decade in the 6th century BCE, leaving famous cuneiform rock inscriptions?",North,0.829,0.782,0.5371,0.5312,0.525
"What archaeological landmark is represented by Magha'ir Shu'ayb in Al-Bad', Tabuk?",North,0.8394,0.739,0.659,0.6513,0.643
In which governorate of Tabuk Province are the monumental rock-carved Nabataean tombs of Magha'ir Shu'ayb situated?,North,0.9116,0.5956,0.5945,0.5943,0.5943
What natural landscape characterizes Wadi Al-Disah in Tabuk Province?,North,0.8687,0.7205,0.6584,0.6255,0.605
Which famous picturesque sandstone canyon in Tabuk Province features crystal freshwater streams flowing beneath towering red cliffs?,North,0.8899,0.6557,0.619,0.5791,0.5586
What is Al-Dahha and how is it traditionally performed by tribes in Northern Saudi Arabia?,North,0.8757,0.6864,0.6783,0.6447,0.6431
What animal sound does the distinctive synchronized guttural chant (Al-Zahar) in the Northern Saudi Dahha dance emulate?,North,0.9242,0.7321,0.6552,0.6055,0.6046
What distinguishes authentic Northern Saudi Mansaf in its preparation and presentation?,North,0.7183,0.6325,0.5912,0.5897,0.5891
What dried fermented sheep yogurt broth is essential to cooking authentic Northern Saudi Mansaf?,North,0.8799,0.7945,0.5976,0.5608,0.5531
How is Al-Jameed traditionally produced by nomadic pastoralists in the Northern desert?,North,0.8302,0.6033,0.6014,0.5831,0.5643
What shape is traditionally molded by hand when drying salted buttermilk into rock-hard Jameed balls?,North,0.854,0.5039,0.4683,0.4577,0.4203
What is Al-Washiq in the traditional food heritage of Northern Bedouin families?,North,0.8918,0.6313,0.6143,0.5965,0.5932
What is the traditional name for air-dried salted strips of meat hung inside nomadic tents in the Northern Region?,North,0.8927,0.5874,0.5849,0.5674,0.5546
What is Khobz Al-Shrak and how is it prepared across the Northern Borders and Al-Jouf?,North,0.7828,0.6288,0.6,0.5848,0.5807
What traditional curved metal pan is used to bake thin Shrak bread over open fires in Northern Saudi Arabia?,North,0.8894,0.6392,0.6183,0.6,0.5982
What is Al-Farwah in traditional Northern men's winter dress?,North,0.8711,0.7509,0.7158,0.6825,0.6444
What insulating natural material lines the interior of the traditional Northern winter coat Al-Farwah?,North,0.8381,0.6428,0.6023,0.5757,0.5591
What characterizes the traditional Northern women's gown known as Al-Sharsh (Al-Midra'ah)?,North,0.889,0.7477,0.7296,0.6741,0.6682
Which traditional women's black dress decorated with colorful cross-stitching along the chest and hem is iconic in Northern Saudi Arabia?,North,0.9006,0.7565,0.7347,0.7335,0.7186
Why is Turaif and the Northern Borders celebrated in Arabian falconry heritage?,North,0.8526,0.5993,0.5559,0.5035,0.4915
Which prized wild falcon species is traditionally trapped during autumn migrations across the northern plains of Turaif and Arar?,North,0.8817,0.6034,0.5591,0.4425,0.4362
What is Qasr Kaf in Al-Qurayyat and what historical industry surrounded it?,North,0.8308,0.6566,0.6072,0.5848,0.5629
Which heritage village in Al-Qurayyat features a stone fortress built in 1920 to protect historic salt flats?,North,0.9274,0.668,0.6479,0.6266,0.6165
What makes the historic wells of Lina near Rafha legendary in Northern Saudi desert lore?,North,0.8973,0.6985,0.5555,0.5394,0.5356
Approximately how many ancient rock-hewn water wells are preserved in the historic desert town of Lina near Rafha?,North,0.9257,0.7964,0.554,0.5298,0.5191
What was the Trans-Arabian Pipeline (Tapline) and what cultural impact did it leave across the Northern Borders?,North,0.8637,0.8189,0.5297,0.5218,0.5214
Which major pipeline constructed in the late 1940s catalyzed the founding of modern urban settlements across the Northern Borders?,North,0.7778,0.5509,0.3934,0.3772,0.356
What architectural characteristics define the historic port town of Al-Wajh in Tabuk Province?,North,0.8933,0.8933,0.6577,0.6577,0.63
Which coastal town in Tabuk Province is renowned for its historic multi-story coral stone mansions adorned with projecting wooden Rawashin balconies?,North,0.9331,0.9331,0.7203,0.6422,0.6422
Why is Umluj celebrated as the 'Maldives of Saudi Arabia' in coastal maritime heritage?,North,0.8549,0.5326,0.5272,0.5245,0.522
Which coastal town in Tabuk Province is renowned for its protected archipelago of over 100 pristine coral islands?,North,0.8818,0.7146,0.7146,0.5536,0.4782
What is the Georgios G shipwreck in Haql and what makes it a landmark along the Gulf of Aqaba?,North,0.8097,0.6662,0.535,0.4914,0.4807
Off the coast of which northernmost Red Sea city in Saudi Arabia does the historic Georgios G shipwreck rest on coral shallows?,North,0.9295,0.6667,0.5783,0.5593,0.5522
"In Northern Saudi tribal etiquette, what does 'Finjan Al-Saif' (The Cup of the Sword) signify?",North,0.7687,0.6857,0.6819,0.6277,0.6134
What does drinking 'Finjan Al-Saif' pledge in traditional Northern Saudi tribal custom?,North,0.8962,0.6739,0.6294,0.6009,0.5926
What is Al-Shabbah in the social fabric of Northern Saudi communities?,North,0.8152,0.753,0.6976,0.6438,0.6433
What central element inside the majlis or tent signifies an active 'Shabbah' welcoming visitors in the North?,North,0.8173,0.5716,0.5372,0.5184,0.4935
What is the cultural sentiment behind the Northern greeting phrase 'Yallah Hayyuh' (or 'Haywah')?,North,0.9162,0.7063,0.6232,0.599,0.5929
Which welcoming greeting is quintessential to tribal hospitality across Al-Jouf and the Northern Borders?,North,0.8804,0.6758,0.6514,0.6441,0.6427
What natural motifs characterize traditional Bedouin Sadu weaving in the Northern Borders?,North,0.8723,0.693,0.6236,0.6148,0.6025
Which animal eye motif is a classic geometric design hand-woven into Northern Sadu tent dividers?,North,0.8975,0.643,0.5705,0.524,0.5197
What is Al-Hajini in the oral folk singing of Northern camel riders?,North,0.8847,0.7051,0.6703,0.5909,0.584
Which traditional nomadic song is synchronized specifically to the pacing gait of a riding camel?,North,0.9133,0.588,0.5187,0.4771,0.4357
How was olive oil traditionally utilized in artisanal soapmaking in Al-Jouf?,North,0.8935,0.6455,0.5813,0.5507,0.5476
What natural alkaline ash extracted from desert bushes was traditionally boiled with olive oil to make handmade soap in Al-Jouf?,North,0.8879,0.7636,0.5697,0.5693,0.5147
What is Mrees Al-Tamr in traditional Northern Saudi breakfast food?,North,0.8602,0.8476,0.8402,0.763,0.761
What fruit forms the primary soaked and mashed base of the traditional Northern breakfast dish Mrees Al-Tamr?,North,0.9024,0.7284,0.6918,0.6769,0.6032
Why is Qal'at Al-Mu'azzam south of Tabuk an exceptional monument of pilgrim infrastructure?,North,0.8798,0.7743,0.6517,0.6464,0.6175
What massive architectural feature stands adjacent to the 17th-century fortress of Al-Mu'azzam south of Tabuk?,North,0.8916,0.7256,0.6997,0.6973,0.6973
What is the traditional folk game Al-Fashaq played in Northern Saudi Arabia?,North,0.862,0.84,0.8391,0.7871,0.7601
What game equipment is targeted by players rolling heavy throwing stones in the traditional Northern game Al-Fashaq?,North,0.8735,0.6533,0.6232,0.5615,0.552
What is the traditional nocturnal folk game 'Adheem Lah' played across Northern plains?,North,0.8067,0.6037,0.5928,0.5808,0.5716
What object is thrown into the desert darkness for children to search for in the moonlit folk game 'Adheem Lah'?,North,0.8586,0.7553,0.5686,0.5554,0.4948
What is the critical role of Al-Qassad in the performance of Al-Dahha?,North,0.7842,0.5925,0.575,0.4975,0.4847
What is the traditional title given to the solo poet who improvises stanzas in the center of the Dahha dance?,North,0.8835,0.5413,0.5357,0.5052,0.4838
What is Laylat Al-Khidhab in the marriage traditions of the Northern Region?,North,0.79,0.6801,0.6771,0.6333,0.626
What celebratory night celebrated by women before weddings or Eid is called Laylat Al-Khidhab in the North?,North,0.8922,0.8052,0.7859,0.7561,0.749
What is the traditional dance Al-Ashouri in the folk culture of the Northern Province?,North,0.854,0.6845,0.6388,0.6378,0.6165
Which percussion instrument typically accompanies the traditional women's celebratory dance Al-Ashouri in the North?,North,0.8871,0.7266,0.6962,0.5355,0.526
What is the historical significance of King Abdulaziz Castle in Duba?,North,0.7873,0.7588,0.5545,0.5004,0.4962
In which year was the historic King Abdulaziz Castle overlooking the port of Duba constructed?,North,0.8744,0.8329,0.5757,0.5064,0.4997
What is the Catalina Seaplane Wreck at Ras Al-Sheikh Hameed in Tabuk Province?,North,0.807,0.7084,0.5377,0.5115,0.4776
At which dramatic coastal cape in Tabuk Province does the historic 1960 Catalina flying boat wreck rest on the sand?,North,0.8043,0.6306,0.4784,0.4329,0.4329
What wildlife and landscape heritage is protected within Harrat Al-Harrah in the Northern Borders?,North,0.8049,0.6842,0.5705,0.5613,0.5452
Which endangered indigenous ungulate species is actively protected within the basalt plateau of Harrat Al-Harrah?,North,0.9122,0.7152,0.5849,0.5568,0.5526
Why is Qasr Al-Ablaq in Tayma famous in pre-Islamic Arabic literary heritage?,North,0.8207,0.6076,0.5442,0.5225,0.5196
Which celebrated Arabic proverb commemorating unyielding fidelity originated from the history of Qasr Al-Ablaq in Tayma?,North,0.8232,0.7028,0.496,0.4648,0.4635
What is Al-Huweili in the traditional performing arts of Tabuk Province?,North,0.85,0.6564,0.5707,0.5698,0.5678
Which traditional collective shoulder-to-shoulder group dance is indigenous to the tribes of Tabuk Province?,North,0.9126,0.5766,0.5661,0.5077,0.4962
What role does the Simsimiyah lyre hold in the seafaring folk culture of Duba and Al-Wajh?,North,0.8591,0.6246,0.4332,0.4303,0.4103
Which plucked stringed lyre instrument accompanies traditional maritime songs in the historic Red Sea ports of Duba and Al-Wajh?,North,0.9184,0.6354,0.512,0.5086,0.5057
What is Al-Khabat (or dried salted fish) in the culinary traditions of Al-Wajh and Umluj?,North,0.8916,0.7999,0.6265,0.6086,0.6049
What traditional sun-dried and salted seafood product is historically prepared along the shores of Al-Wajh and Umluj?,North,0.9043,0.7209,0.5746,0.5709,0.5577
What was Al-Horiyah in the traditional wooden boatcraft of Umluj fishermen?,North,0.899,0.6662,0.549,0.538,0.5348
"Which small, narrow traditional wooden dugout skiff was paddled across shallow coral channels by Umluj fishermen?",North,0.6082,0.519,0.4772,0.4327,0.4291
What distinguishes Al-Samri Al-Jaufi in the performing arts of the Al-Jouf region?,North,0.8496,0.5977,0.5895,0.5807,0.574
What percussion instrument is struck in unison during the performance of Al-Samri Al-Jaufi?,North,0.8784,0.6445,0.6349,0.5483,0.5358
What is Al-Iqal Al-Mar'az in the traditional men's wardrobe of Northern Saudi Arabia?,North,0.8571,0.7795,0.7728,0.7528,0.7484
What fine natural fleece fiber was hand-spun to weave the prestigious Northern men's headband Al-Iqal Al-Mar'az?,North,0.8645,0.6831,0.611,0.6014,0.5951
What is Al-Khameesa in the traditional comfort food of Northern Saudi families?,North,0.8636,0.7345,0.7302,0.7057,0.7009
"Which traditional winter dish in the North is prepared by stirring crumbled griddle bread with warm dates, ghee, and milk over fire embers?",North,0.8073,0.5717,0.5558,0.5428,0.5391
What historical role did Souq Al-Khamis (Thursday Market) play in the commercial life of Arar?,North,0.8622,0.657,0.6416,0.5627,0.555
On which day of the week was the historic pastoral trading market in Arar traditionally convened?,North,0.8984,0.6959,0.5071,0.4946,0.494
What goods were historically traded in Souq Al-Badw in the city of Rafha?,North,0.8499,0.7084,0.625,0.6231,0.6218
Which historic marketplace in Rafha was renowned for supplying nomadic camel herders with Sadu gear and dairy provisions?,North,0.9298,0.7152,0.5957,0.5888,0.5872
What is Al-Tarah in traditional Northern falconry gear?,North,0.8631,0.5969,0.5804,0.5548,0.5374
What equipment is attached to a lure bird to safely tangle a wild falcon's talons during traditional trapping in the North?,North,0.8799,0.527,0.5054,0.5013,0.4233
What does the traditional Northern greeting 'Hala bi-Riyal Al-Tayyib' convey to an arriving guest?,North,0.893,0.6713,0.6703,0.6342,0.6238
Which traditional Arabic welcome phrase is spoken across Northern Saudi tribes to honor an arriving man of noble standing?,North,0.9225,0.7553,0.704,0.6954,0.6696
What is Al-Sahlah in the traditional marriage customs of Northern tribes?,North,0.8723,0.6618,0.6509,0.5509,0.5477
What is the collective financial or livestock mutual-aid contribution given to support a groom in Northern wedding traditions called?,North,0.8136,0.5385,0.4943,0.4833,0.4598
What is Al-Darwazah in the historic defensive urban layout of Dumat Al-Jandal?,North,0.8792,0.7506,0.6348,0.6335,0.6065
What traditional term designates the fortified heavy wooden town gate of historic Dumat Al-Jandal?,North,0.8799,0.8102,0.6786,0.6254,0.6205
What is Khobz Al-Khamir in the traditional baking heritage of Al-Jouf?,North,0.8636,0.71,0.6927,0.6625,0.6588
Which traditional leavened flatbread in Al-Jouf is sweetened with date molasses and served hot with clarified butter?,North,0.9089,0.6708,0.6592,0.5992,0.591
What is the customary protocol for burning oud incense (Al-Bakhour) in Northern Saudi majalis?,North,0.8687,0.7449,0.7439,0.6936,0.6869
In which direction is the fragrant incense burner traditionally passed among seated guests in a Northern majlis?,North,0.8987,0.6909,0.5621,0.5557,0.5476
What natural and archaeological features characterize Jabal Al-Lawz in Tabuk Province?,North,0.8103,0.614,0.614,0.6089,0.6063
"Which mountain in Tabuk Province rising over 2,500 meters is celebrated for seasonal winter snowfalls and ancient bovine petroglyphs?",North,0.7049,0.6057,0.5322,0.5079,0.4982
What historical role did the ancient settlement of Aynuna in Tabuk Province serve?,North,0.8186,0.6039,0.5469,0.4999,0.4999
Which ancient archaeological Red Sea port in Tabuk Province connects ancient Nabataean trade with the Greco-Roman world?,North,0.911,0.7122,0.6543,0.5453,0.5234
What distinctive landscape defines the Hisma Desert in Tabuk Province?,North,0.854,0.74,0.5768,0.5614,0.5539
Which vast red sandstone desert in Tabuk is renowned for its towering isolated monoliths and ancient Kufic rock inscriptions?,North,0.913,0.7358,0.6568,0.6232,0.6151
What was the historical function of Qal'at Al-Azlam south of Duba in Tabuk Province?,North,0.8537,0.7331,0.6504,0.6401,0.612
Which 14th-century Mamluk fortress south of Duba was erected to secure freshwater wells for caravans along the coastal Egyptian pilgrim highway?,North,0.9302,0.6814,0.586,0.5791,0.5741
Why is Qal'at Al-Muwailih near Duba significant in Islamic military architecture?,North,0.8468,0.6535,0.6207,0.5873,0.5848
Which 16th-century fortress on the Red Sea coast of Tabuk is recognized among the largest coastal citadels in Arabia?,North,0.9269,0.6186,0.6161,0.6096,0.5984
Where is Qal'at Dhat Al-Hajj located and what was its historical role?,North,0.8183,0.6603,0.6061,0.5845,0.5614
Which historic fortress near the northern border of Tabuk Province served as a premier way-station for Syrian pilgrim caravans entering Arabia?,North,0.8767,0.703,0.6247,0.5686,0.5664
What architectural features distinguish Qal'at Al-Akhdar south of Tabuk?,North,0.7876,0.7281,0.6868,0.6799,0.6655
Along which mountain wadi south of Tabuk was the 16th-century stone fortress Qal'at Al-Akhdar erected?,North,0.9352,0.8318,0.7333,0.6971,0.6892
What geological landmarks attract visitors to the Al-Zeeta area in northwestern Tabuk?,North,0.896,0.7203,0.6283,0.6129,0.6077
Which natural formation is prominently found among the sandstone cliffs of Al-Zeeta in Tabuk?,North,0.8901,0.7317,0.6452,0.6433,0.6037
What agricultural export industry has Tabuk developed into an international leader?,North,0.8518,0.5922,0.4434,0.44,0.3896
Which specialty horticultural crop grown in Tabuk Province is exported by the tens of millions to European and regional markets?,North,0.8674,0.7266,0.6177,0.5327,0.4868
What temperate fruit orchards thrive in Tabuk Province due to its cool winter climate?,North,0.8594,0.7149,0.5324,0.4127,0.4104
Which stone fruit flourishes in large commercial orchards in Tabuk due to its cool winter chill requirements?,North,0.8852,0.8012,0.4546,0.4525,0.438
What is Bir Sisra in Sakaka and what engineering feature makes it unique?,North,0.7672,0.3991,0.3772,0.3759,0.3715
"Which ancient rock-cut well in Sakaka, Al-Jouf, features carved stone steps spiraling down to the water table?",North,0.7598,0.6199,0.6058,0.5788,0.5564
What is Dumat Al-Jandal Lake (Buhairat Dumat Al-Jandal) in Al-Jouf?,North,0.8607,0.7479,0.6076,0.5863,0.5648
Which desert oasis in Al-Jouf Province features a large artificial lake spanning over one million square meters fed by agricultural drainage?,North,0.8964,0.6741,0.5353,0.5308,0.5062
What is the strategic significance of Al-Haditha Border Port in Al-Qurayyat?,North,0.8553,0.68,0.483,0.483,0.4601
"Which governorate of Al-Jouf Province hosts Al-Haditha Port, the largest land border crossing in the Middle East?",North,0.8189,0.7871,0.531,0.5074,0.4835
What geographic expanse defines the Al-Hammad region across the Northern Borders?,North,0.8337,0.6913,0.6831,0.6712,0.5904
What type of terrain characterizes the vast Al-Hammad plateau in the northernmost frontier of Saudi Arabia?,North,0.9191,0.7102,0.6923,0.6626,0.6558
Why is Rawdat Habas in the Northern Borders celebrated in winter and spring?,North,0.8101,0.4934,0.4607,0.4525,0.4118
Which fragrant wild purple flower blankets the desert depression of Rawdat Habas in the Northern Borders after spring rains?,North,0.8365,0.6995,0.5258,0.4756,0.4442
What architectural elements constitute traditional Bedouin hair tents (Bayt Al-Sha'ar) in the North?,North,0.9116,0.7078,0.6861,0.6612,0.6346
What is the woven Sadu dividing curtain that separates the public guest majlis from the family section inside a Northern Bedouin tent called?,North,0.853,0.8052,0.6702,0.6681,0.579
What is Al-Samil in traditional Northern dairy craftsmanship?,North,0.8428,0.678,0.6419,0.6232,0.5924
What animal skin was traditionally tanned and sewn to make the dairy-churning pouch Al-Samil?,North,0.9053,0.6904,0.5871,0.5532,0.5358
What is Al-Badwah in the olive harvesting traditions of Al-Jouf?,North,0.8467,0.6554,0.6228,0.5824,0.578
What is the very first freshly extracted batch of emerald green olive oil at the start of the harvest in Al-Jouf called?,North,0.8566,0.6537,0.6204,0.616,0.5733
How is Al-Jareesh Al-Shamali traditionally prepared in the Northern Borders and Al-Jouf?,North,0.8084,0.6191,0.5982,0.5796,0.5669
What grain forms the foundation of authentic Northern Saudi Jareesh?,North,0.8373,0.6442,0.6292,0.6087,0.6064
What is Al-Thareed in the culinary traditions of Northern Saudi Arabia?,North,0.8208,0.7305,0.7256,0.7024,0.6985
What bread is traditionally shredded and soaked in meat broth to create Northern Saudi Thareed?,North,0.8752,0.6674,0.6603,0.651,0.6332
What is Al-Malaqet in Northern Saudi desert culture?,North,0.8446,0.7131,0.6625,0.6621,0.6613
What ground surface clue is sought by foragers during Al-Malaqet to detect buried desert truffles?,North,0.8862,0.6228,0.5621,0.562,0.5511
What wild desert herb is famously infused into boiling black tea across the Northern Borders?,North,0.8099,0.7425,0.7383,0.7236,0.6979
Which foraged wild desert herb gives traditional Northern winter camp tea its beloved earthy aroma?,North,0.8459,0.7442,0.695,0.6745,0.6258
What is Al-Qaisoom in Northern Saudi folk herbal traditions?,North,0.8243,0.6683,0.6399,0.6272,0.6158
Which wild aromatic wadi plant related to desert chamomile is boiled as a digestive herbal tea in the North?,North,0.9041,0.6751,0.675,0.6599,0.6526
What characterizes Al-Zaboun Al-Shamali in traditional Northern men's attire?,North,0.8438,0.6235,0.6176,0.6099,0.5982
Which tailored woolen coat fastened with silk cord loops was historically worn by dignitaries in Northern Saudi Arabia?,North,0.8855,0.6822,0.6343,0.6155,0.6134
What is Al-Hilal in traditional Northern women's silver jewelry?,North,0.8605,0.6744,0.65,0.6167,0.5855
What celestial shape defines the traditional large silver bridal earrings known as Al-Hilal in the North?,North,0.8703,0.7567,0.5864,0.5517,0.5237
What is Al-Asabah in the traditional women's headwear of the Northern Region?,North,0.8844,0.7558,0.708,0.6857,0.6848
What dark headband is traditionally knotted around the forehead by women across Northern Saudi tribes?,North,0.9044,0.6472,0.6364,0.6191,0.6149
What is Huda Al-Khail in the historical equestrian heritage of Northern Arabia?,North,0.8254,0.6141,0.6069,0.5927,0.5703
Which oral chanting genre was specifically intoned by mounted riders to motivate Arabian horses during desert marches?,North,0.9377,0.6013,0.5904,0.5701,0.5599
What is Al-Mijrad in Northern Saudi celebratory traditions?,North,0.8249,0.6983,0.6521,0.6482,0.6466
Which celebratory wedding dance featuring linked arms and synchronized foot-stamps is native to Northern communities?,North,0.8944,0.521,0.5183,0.4928,0.4898
What was the folk game Al-Mitaqah played by youth in Northern desert settlements?,North,0.8658,0.6729,0.6644,0.5788,0.5777
What traditional braided leather gear was utilized to hurl stones at targets in the folk game Al-Mitaqah?,North,0.8983,0.6782,0.5844,0.5591,0.5283
What is Al-Qasar in the marriage customs of Northern Bedouin tribes?,North,0.8432,0.6541,0.5939,0.5616,0.5614
What is the specially erected large guest tent dedicated to wedding festivities called in Northern tribal traditions?,North,0.895,0.6121,0.5417,0.5409,0.5384
What is the custom of Dabeehat Al-Urs in Northern Saudi hospitality?,North,0.8176,0.6928,0.6809,0.6666,0.661
What dish is universally served over large platters at Northern Saudi wedding banquets following the sacrificial slaughter?,North,0.8941,0.6908,0.6755,0.6733,0.6591
How is Al-Mu'ayada celebrated on Eid morning across Northern towns and villages?,North,0.8811,0.6418,0.624,0.6209,0.618
Where do Northern residents traditionally gather on Eid morning to share dishes brought from every home?,North,0.8846,0.6328,0.6193,0.6189,0.5854
What is Al-Mansoub in the traditional dining etiquette of Northern Saudi tribes?,North,0.8187,0.6931,0.6848,0.6782,0.671
What is the designated ceremonial platter presented directly before the guest of honor at a Northern banquet called?,North,0.9185,0.5747,0.5625,0.5607,0.5008
What is the ancient nomadic hospitality rule governing a guest's identity in Northern Arabia?,North,0.8428,0.6359,0.5861,0.5856,0.5775
For how many days must a traditional Northern host provide full hospitality and protection before inquiring about a guest's business or identity?,North,0.898,0.661,0.5822,0.5469,0.5233
What is the cultural meaning of the Northern greeting 'Tarahib Al-Izz... Hayya Allah Man Jana'?,North,0.8912,0.6614,0.6338,0.6316,0.6103
Which phrase is invoked in Northern majalis to welcome visitors with honor and dignity?,North,0.8438,0.5944,0.5479,0.5427,0.5422
What historical role did Souq Dumat Al-Jandal play in pre-Islamic Arabian commerce?,North,0.8797,0.6813,0.588,0.5364,0.5318
Which celebrated pre-Islamic seasonal market in Al-Jouf served as a major commercial fair between Arabia and the Levant?,North,0.8872,0.6763,0.5837,0.5753,0.5731
What traditional goods were historically concentrated in Souq Al-Khababi in Sakaka?,North,0.8726,0.6522,0.6223,0.5779,0.5765
In which historic city of Al-Jouf Province was the traditional handicraft and agricultural market Souq Al-Khababi located?,North,0.9058,0.6962,0.639,0.6081,0.6039
What marine resource was historically harvested by divers along the Gulf of Aqaba coast in Haql and Tabuk?,North,0.83,0.6273,0.5615,0.5309,0.5122
What precious black marine material harvested in the Gulf of Aqaba was traditionally carved into luxury prayer beads?,North,0.8941,0.7396,0.5095,0.4859,0.4803
What is the traditional masonry technique known as Al-Radm in ancient Al-Jouf architecture?,North,0.9057,0.6536,0.5248,0.5202,0.5193
What traditional construction method stacks natural limestone blocks tightly without mortar in Al-Jouf?,North,0.8206,0.6155,0.4743,0.4476,0.4413
What is Al-Khatam in traditional Northern Sadu camel gear?,North,0.8886,0.7143,0.7023,0.6556,0.6053
What decorative Sadu headstall embellished with shells and wool tassels is fitted onto ceremonial riding camels in the North?,North,0.9301,0.7545,0.6336,0.6123,0.5935
What engineering feat is represented by the ancient outer city wall of Tayma (Sur Tayma)?,North,0.8309,0.5843,0.5211,0.4823,0.4759
Approximately how long is the ancient stone defensive wall (Sur Tayma) that encircled the historic oasis of Tayma?,North,0.9023,0.8175,0.5517,0.5455,0.5281
What is Qasr Al-Basha in Dumat Al-Jandal and what architectural style does it represent?,North,0.8552,0.6562,0.6226,0.6117,0.5946
Which historic stone mansion in Dumat Al-Jandal is characterized by vaulted arched doorways and limestone masonry?,North,0.906,0.7347,0.6663,0.6508,0.6281
What historical role did Qasr Al-Muayshi play in the oasis heritage of Sakaka?,North,0.8735,0.611,0.5965,0.5416,0.531
Which 19th-century mud-brick palace stands amid the palm groves of Sakaka as a regional heritage landmark?,North,0.8966,0.6537,0.6174,0.6114,0.5964
What was discovered at the ancient site of Al-Tuwair near Sakaka?,North,0.8353,0.6701,0.5571,0.5385,0.5163
Which ancient caravan settlement near Sakaka revealed early Nabataean trade artifacts and rock inscriptions?,North,0.9317,0.6558,0.5918,0.5918,0.5783
What is Al-Qattarah in the natural hydrology of the Al-Jouf escarpments?,North,0.8267,0.5662,0.5234,0.5162,0.4929
What natural geological feature provides dripping freshwater pools beneath limestone cliffs in Al-Jouf?,North,0.8694,0.6514,0.6347,0.5556,0.5458
How was salt traditionally mined and refined in the historic village of Kaf in Al-Qurayyat?,North,0.7715,0.7671,0.699,0.624,0.4855
Which mineral resource historically formed the commercial wealth of Kaf village in Al-Qurayyat?,North,0.8666,0.6879,0.6576,0.5625,0.5613
What is Al-Ghadir in the desert terminology and life of Northern tribes?,North,0.8141,0.6171,0.6066,0.5664,0.5639
What is a natural desert depression that traps and holds seasonal rainwater in Northern Saudi Arabia called?,North,0.8874,0.6257,0.5591,0.5505,0.546
What role does Wadi Arar play in the geography and human settlement of the Northern Borders?,North,0.839,0.6568,0.5003,0.4874,0.4826
Which major valley basin forms the geographic heart and gave its name to the capital city of the Northern Borders Province?,North,0.8208,0.5142,0.4856,0.4542,0.4474
What is Al-Majmar in the winter camp culture of Northern Saudi Arabia?,North,0.8616,0.7017,0.6931,0.6513,0.6392
What portable brazier is placed in the center of Northern Bedouin tents during winter to hold burning wood coals?,North,0.8811,0.5829,0.5728,0.5076,0.506
How are table olives traditionally cured and preserved in Al-Jouf?,North,0.8959,0.6368,0.5765,0.5588,0.5184
Which local oil is used to submerge and cure artisan table olives in Al-Jouf?,North,0.8672,0.6985,0.6765,0.5662,0.5303
What is Al-Baqila in the traditional food heritage of Al-Jouf?,North,0.8612,0.6721,0.6716,0.6478,0.6407
What type of legume forms the base of the traditional Al-Jouf breakfast dish Al-Baqila?,North,0.835,0.7915,0.6571,0.6094,0.5819
What distinguishes authentic Northern Saudi Hummus prepared in Al-Jouf and Tabuk?,North,0.8968,0.706,0.6532,0.6465,0.6412
Which oil is poured generously atop authentic Northern Saudi hummus before serving?,North,0.8986,0.7708,0.6431,0.6345,0.5942
What is Al-Ja'adah in the wild botanical traditions of the Northern Province?,North,0.7489,0.6217,0.6097,0.5895,0.5829
Which wild desert herb is traditionally boiled across Northern Saudi Arabia as a bitter medicinal digestive infusion?,North,0.9315,0.6947,0.6779,0.657,0.6543
How is the red-and-white headdress (Al-Shemagh Al-Ahmar) traditionally worn by men during freezing Northern winters?,North,0.9101,0.5945,0.5794,0.5643,0.5345
What practical function did wrapping the Shemagh around the lower face (Al-Takhzeem) serve in Northern winter weather?,North,0.8686,0.6833,0.4544,0.4102,0.395
What is Al-Hizam Al-Fiddi in traditional Northern women's wedding attire?,North,0.8444,0.6935,0.6511,0.646,0.6375
What historical silver items were linked together to construct traditional Northern women's bridal belts?,North,0.8737,0.5584,0.5315,0.5052,0.5038
What is the role of Shi'r Al-Nabati (Vernacular Poetry) in Northern Saudi desert culture?,North,0.9286,0.8278,0.6423,0.6405,0.6235
Which vernacular poetic tradition serves as the living archive of tribal chronicles and desert ethics in Northern Saudi Arabia?,North,0.9023,0.7136,0.7005,0.6985,0.6807
What is the traditional folk game Al-Kuz (or Al-Mugsa') played in Northern villages?,North,0.8457,0.7238,0.6391,0.6141,0.6027
What wooden piece is popped into the air and struck with a bat in the traditional Northern game Al-Kuz?,North,0.8622,0.7279,0.5151,0.5113,0.508
What is Souq Al-Na'am in Tabuk and what does it trade?,North,0.7518,0.6057,0.5979,0.5979,0.5479
Which prized sheep breed is predominantly traded at the historic livestock auctions in Tabuk?,North,0.858,0.6376,0.5322,0.4924,0.4914
What is the maritime heritage of the coastal village of Al-Khuraybah in Tabuk?,North,0.8681,0.6871,0.6248,0.6248,0.586
Which Red Sea coastal fishing settlement in Tabuk Province is renowned for its historic fishing fleet and proximity to ancient Nabataean maritime ruins?,North,0.8985,0.6917,0.6554,0.639,0.6117
What distinguishes the traditional wooden boat type Al-Sanbouk built by shipwrights in Duba and Haql?,North,0.8442,0.5759,0.5304,0.5272,0.5038
What local timber was combined with imported teak by coastal northern shipwrights to construct fishing Sambuks?,North,0.8858,0.5281,0.4098,0.3988,0.3911
What is Al-Hadaq in traditional Northern Bedouin camel craftsmanship?,North,0.8561,0.7083,0.6652,0.6497,0.6437
What hand-woven Sadu storage bags are slung across camel saddles to carry provisions during seasonal desert migrations?,North,0.9337,0.6959,0.6283,0.5778,0.559
What architectural design defines the traditional residential houses in ancient Sakaka oases?,North,0.8908,0.5547,0.5499,0.5475,0.5197
What stone forms the solid foundation base beneath mud-brick walls in traditional Sakaka architecture?,North,0.9073,0.6868,0.6161,0.5908,0.5548
Why is the Camel Heritage Museum in the Northern Borders significant to regional identity?,North,0.8278,0.7348,0.5446,0.5353,0.5285
Which cultural theme is comprehensively documented at the Camel Heritage Museum in the Northern Borders?,North,0.7733,0.7562,0.6418,0.5377,0.5218
What historical and geological prominence belongs to the Midian Mountains (Jibal Madyan) in Tabuk?,North,0.8515,0.6468,0.5681,0.5588,0.5504
Which ancient civilization carved cliff dwellings and tombs in the Midian Mountains of northwestern Saudi Arabia?,North,0.862,0.6974,0.6412,0.6308,0.6141
What archaeological structures are hidden along the sandstone walls of Wadi Al-Disah in Tabuk?,North,0.9123,0.7114,0.6657,0.6551,0.6523
What architectural structures were carved directly into the red sandstone cliffs of Wadi Al-Disah by the Nabataeans?,North,0.9088,0.6786,0.6616,0.5785,0.554
Why is Ain Al-Sukkar venerated in the Islamic history of Tabuk?,North,0.8041,0.6065,0.5504,0.5097,0.4774
During which prophetic expedition did Prophet Muhammad camp at the spring of Ain Al-Sukkar in Tabuk?,North,0.8662,0.7833,0.6468,0.5857,0.4835
What historical role did Tayma play as an ancient cultural crossroads in pre-Islamic Arabia?,North,0.8463,0.5492,0.5221,0.4924,0.4897
Which international trade highway passed directly through the fortified oasis of Tayma?,North,0.8421,0.6198,0.61,0.5765,0.512
What is Al-Khabzah in the home baking traditions of Northern families?,North,0.8321,0.6375,0.6285,0.5976,0.5804
What is the thick whole-wheat griddle bread commonly baked for breakfast across Northern Saudi Arabia called?,North,0.9034,0.7225,0.7057,0.6715,0.6681
What is Al-Rashoof in the winter gastronomy of Northern Saudi Arabia?,North,0.7983,0.6689,0.6679,0.6389,0.6342
Which two main ingredients are slow-cooked in tangy Jameed broth to prepare Northern Rashoof soup?,North,0.8798,0.5567,0.5423,0.5096,0.4975
What is Al-Fattah in Northern Saudi home cuisine?,North,0.839,0.7598,0.742,0.7323,0.7274
What dairy liquid is traditionally poured over shredded flatbread to create breakfast Fattah in the North?,North,0.881,0.5696,0.5503,0.5355,0.4893
How is Al-Laban Al-Rayeb served alongside Khobz Al-Khamir in traditional Al-Jouf breakfasts?,North,0.8311,0.6844,0.6647,0.6545,0.5854
What traditional cultured dairy beverage is paired with warm sweet Khamir bread for breakfast in Al-Jouf?,North,0.8779,0.7416,0.6638,0.6422,0.6055
What are the two premier desert truffle varieties foraged across the Hammad plains?,North,0.8444,0.7288,0.5917,0.5697,0.5485
Which prized desert truffle variety foraged in the Northern plains is known for its large size and pure white flesh?,North,0.8836,0.7329,0.5898,0.5856,0.5611
How is fresh desert truffle soup (Marooq Al-Faq'a) prepared in Northern tribal camps?,North,0.8888,0.5676,0.5556,0.5335,0.5261
What meat bone is traditionally simmered with sliced wild truffles to create rich Northern truffle broth?,North,0.8741,0.6234,0.5041,0.495,0.4763
What is Shahi Al-Babounaj in Northern Saudi herbal culture?,North,0.8432,0.6802,0.6269,0.6143,0.6031
What wild yellow flower blossom is steeped to brew calming Shahi Al-Babounaj in the North?,North,0.8666,0.6738,0.637,0.6279,0.5959
What are Al-Mahabis and Al-Hilal hair ornaments in Tabuk women's heritage?,North,0.9044,0.6398,0.5856,0.5687,0.5628
What natural metal was traditionally handcrafted into decorative hair braid clips for women in Tabuk?,North,0.8864,0.6155,0.5377,0.5343,0.5214
What is Al-Qati in traditional Northern Bedouin Sadu weaving?,North,0.8868,0.7005,0.6749,0.6693,0.6502
What is the woven decorative wool curtain that divides public and private sections inside a Bedouin tent called?,North,0.9031,0.7433,0.693,0.6313,0.5935
How is Al-Saffifah produced by Bedouin weavers in the Northern Borders?,North,0.8252,0.6431,0.594,0.5885,0.5653
"What narrow, sturdy woven band of wool is crafted by Northern weavers to tie luggage bundles onto camels?",North,0.6876,0.6496,0.6456,0.6322,0.6116
What is Al-Mihbash (or Al-Hawn Al-Khashabi) in Northern Bedouin coffee rituals?,North,0.8472,0.6775,0.6697,0.6675,0.6498
What wooden utensil is pounded with a heavy pestle to grind coffee while making musical acoustic beats in Northern tents?,North,0.8575,0.4169,0.414,0.4093,0.3965
What social message did the rhythmic striking of Al-Mihbash convey across desert encampments?,North,0.8598,0.6477,0.5742,0.5179,0.4962
What did the acoustic rhythmic sound of Al-Mihbash signal to desert travelers in Northern Arabia?,North,0.8592,0.7176,0.5985,0.5679,0.566
What does the Northern phrase 'Halat Al-Barakah... Barak Allah Feekum' express during a visit?,North,0.888,0.6512,0.5769,0.5168,0.5141
Which phrase is invoked in Northern hospitality to declare that blessings have arrived with the guest?,North,0.8491,0.6196,0.5787,0.5776,0.5766
What is the social meaning of the polite Northern response 'Ma 'Alayk Zood'?,North,0.8855,0.4923,0.4817,0.4769,0.4419
Which courteous phrase is spoken to reciprocate praise and express that the speaker holds equal or greater nobility?,North,0.8496,0.4822,0.4672,0.4429,0.405
What role does the Tabuk Camel Racing Track (Midan Tabuk) play in regional heritage sports?,North,0.8593,0.7254,0.5255,0.5114,0.5091
Which traditional animal racing championship is hosted annually at Midan Tabuk?,North,0.8055,0.7018,0.3949,0.3916,0.3843
What is the function of the sword dancer (Al-Hashi / Al-La'ab) in the performance of Al-Dahha?,North,0.8939,0.7208,0.6917,0.642,0.5884
What is the solo performer who dances with a curved steel sword inside the center of the Dahha formation called?,North,0.8536,0.6424,0.582,0.5781,0.5351
What traditional dishes are associated with Southern Saudi Arabia?,South,0.8289,0.8167,0.8054,0.7931,0.7558
Which of the following is a traditional dish associated with Southern Saudi Arabia?,South,0.855,0.8198,0.8151,0.8014,0.7568
What traditional sweet is associated with Jazan and the southern region?,South,0.8781,0.7363,0.6705,0.658,0.6573
Which traditional sweet is particularly associated with Jazan?,South,0.83,0.6372,0.6288,0.6003,0.5828
What are some traditional foods served in Southern Saudi Arabia?,South,0.8214,0.7778,0.7721,0.7702,0.7385
Which dish is traditionally associated with breakfast in parts of Southern Saudi Arabia?,South,0.8934,0.7734,0.7713,0.7624,0.7429
What traditional drinks are associated with Southern Saudi Arabia?,South,0.7901,0.6898,0.6895,0.6866,0.6743
Which traditional drink is made using dried coffee husks?,South,0.8522,0.6713,0.4816,0.4781,0.4772
What traditional women's dress is strongly associated with Asir?,South,0.8074,0.7745,0.6101,0.5943,0.5582
Which traditional women's garment is associated with Asir?,South,0.866,0.7797,0.6202,0.5908,0.5834
What traditional men's garments are associated with parts of Southern Saudi Arabia?,South,0.8524,0.8164,0.7558,0.7457,0.7341
What is Al-Musannaf in southern Saudi traditional clothing?,South,0.8467,0.7308,0.6876,0.6811,0.6788
Which garment is traditionally worn around the waist in parts of southern Saudi Arabia?,South,0.8903,0.744,0.7033,0.7,0.6954
What is Al-Qatt Al-Asiri?,South,0.7714,0.6863,0.6677,0.6668,0.666
In which Saudi region did Al-Qatt Al-Asiri develop as a traditional interior wall art?,South,0.948,0.7852,0.7629,0.7315,0.7307
What is the traditional role of Al-Qatt Al-Asiri in the home?,South,0.8,0.7201,0.7103,0.7074,0.6969
Who traditionally practiced Al-Qatt Al-Asiri?,South,0.7921,0.7092,0.6492,0.628,0.6261
What materials are associated with traditional Al-Qatt Al-Asiri colors?,South,0.8405,0.6189,0.6019,0.5982,0.5891
Which of the following are documented motifs associated with Al-Qatt Al-Asiri?,South,0.8661,0.703,0.697,0.6862,0.6809
What does Al-Banat refer to in Al-Qatt Al-Asiri?,South,0.7721,0.6629,0.6435,0.6199,0.5901
What does Al-Rukun refer to in Al-Qatt Al-Asiri?,South,0.7208,0.6063,0.6025,0.5537,0.5515
What does Al-Mahareeb refer to in Al-Qatt Al-Asiri?,South,0.7895,0.6641,0.6346,0.6157,0.5897
What is Khawlani coffee?,South,0.7845,0.669,0.6614,0.6314,0.5611
Which Saudi region is strongly associated with the cultivation of Khawlani coffee?,South,0.9076,0.8811,0.8567,0.8075,0.7188
How is Khawlani coffee traditionally cultivated in southwestern Saudi Arabia?,South,0.8996,0.8432,0.8233,0.7982,0.7098
What is Areeka?,South,0.7864,0.5521,0.5356,0.5058,0.453
What is Haneeth?,South,0.7435,0.5344,0.3545,0.3481,0.3325
What is Mashghoutha?,South,0.6731,0.4289,0.4239,0.4152,0.4151
What is Al-Daghabees?,South,0.7332,0.5853,0.5523,0.5456,0.5436
Which traditional dish is associated with Al-Baha?,South,0.8653,0.6992,0.6314,0.5713,0.5579
What is Gahwa Qishr?,South,0.7288,0.4528,0.4346,0.4128,0.3898
Which ingredient is the main base of Qishr?,South,0.7022,0.4435,0.4424,0.4002,0.392
What is Al-Khatwah Al-Janoubiyah?,South,0.7371,0.5483,0.5212,0.5025,0.4844
Which traditional dance is associated with Asir and is characterized by measured coordinated steps?,South,0.8737,0.5475,0.4778,0.4742,0.46
What is Al-Dammah?,South,0.7203,0.5657,0.5567,0.5475,0.5121
What is Al-Zamil in Najran heritage?,South,0.7965,0.7081,0.5866,0.5613,0.557
Which region is particularly associated with Al-Zamil?,South,0.8165,0.7025,0.658,0.6034,0.6024
What is Al-Raha in traditional southern domestic life?,South,0.765,0.5967,0.5962,0.5764,0.5634
Which traditional tool was used to grind grains by hand?,South,0.8632,0.6648,0.497,0.4709,0.458
What is Al-Qirbah?,South,0.699,0.5502,0.5247,0.5205,0.5162
Which traditional container was made from animal skin for storing or carrying water?,South,0.8498,0.5556,0.5496,0.491,0.467
What traditional building material is strongly associated with stone houses in Aseer?,South,0.8404,0.7872,0.7557,0.7423,0.7308
Which material is commonly used in traditional stone houses in Aseer?,South,0.8183,0.7395,0.7082,0.6797,0.67
What is characteristic of traditional stone houses in Aseer?,South,0.7756,0.7589,0.6965,0.654,0.6448
How many floors can some traditional stone houses in Aseer have?,South,0.8394,0.7124,0.637,0.6239,0.6146
What traditional material can be combined with stone in Aseer buildings?,South,0.7787,0.7535,0.6831,0.6678,0.6661
What are the main traditional architectural styles found in Aseer?,South,0.8196,0.7309,0.6767,0.6689,0.6679
Which architectural style is associated with the Tihama plain in Aseer?,South,0.854,0.6393,0.6231,0.5985,0.5983
What is Al-Ishash in traditional Aseer architecture?,South,0.8879,0.6463,0.6185,0.6083,0.601
What is Rijal Heritage Village?,South,0.824,0.7923,0.7582,0.7332,0.6589
Where is Rijal Heritage Village located?,South,0.8671,0.8217,0.7527,0.7398,0.6435
What material is prominent in the buildings of Rijal Heritage Village?,South,0.7824,0.7522,0.7257,0.7136,0.7025
What decorative art can be found on interior walls in Rijal Heritage Village?,South,0.8381,0.663,0.6539,0.6201,0.6094
How old is Rijal Heritage Village approximately?,South,0.8455,0.7521,0.7069,0.6437,0.589
How are the buildings of Rijal Heritage Village arranged?,South,0.8458,0.6978,0.6573,0.6315,0.6269
What is Al-Muftaha Historical Village?,South,0.8292,0.7663,0.6191,0.5668,0.5639
Where is Al-Muftaha Historical Village located?,South,0.8667,0.7775,0.6384,0.5728,0.5678
What traditional art decorates many traditional interiors in Aseer?,South,0.742,0.7386,0.6785,0.6336,0.5987
Which UNESCO-recognized cultural element is associated with Aseer?,South,0.8151,0.5245,0.5068,0.5031,0.5018
What type of patterns are commonly found in Al-Qatt Al-Asiri?,South,0.7867,0.7462,0.6977,0.6745,0.6679
Where is Al-Qatt Al-Asiri traditionally applied?,South,0.7329,0.7285,0.7219,0.7148,0.6955
What is the Southern Ardah?,South,0.7864,0.7684,0.6615,0.635,0.6153
Which regions are particularly associated with the Southern Ardah?,South,0.8411,0.7744,0.6377,0.623,0.6102
How are performers traditionally arranged in the Southern Ardah?,South,0.8578,0.7548,0.7181,0.6524,0.6117
What role does the poet have in the Southern Ardah?,South,0.7689,0.5836,0.579,0.5761,0.5163
What accompanies the movement of performers in the Southern Ardah?,South,0.8462,0.7436,0.6998,0.6789,0.6593
What traditional objects may performers carry during the Southern Ardah?,South,0.8667,0.7047,0.684,0.6351,0.6079
What is Al-Qazou'i?,South,0.7075,0.609,0.5778,0.5433,0.5277
Which southern regions are associated with Al-Qazou'i?,South,0.8263,0.7052,0.6429,0.6272,0.622
What type of performance is Al-Qazou'i historically associated with?,South,0.7699,0.6052,0.5093,0.4801,0.4703
What role does poetry play in Al-Qazou'i?,South,0.7919,0.5169,0.5003,0.4945,0.4932
What is Al-Azzawi?,South,0.7361,0.6157,0.5981,0.5956,0.5505
Which Saudi region is particularly associated with Al-Azzawi?,South,0.858,0.7242,0.7123,0.6414,0.6358
How can Al-Azzawi be performed?,South,0.6518,0.6126,0.4738,0.4733,0.4687
What is a common feature of traditional southern folk performances?,South,0.8298,0.7014,0.6894,0.6653,0.6616
What role does poetry have in southern Saudi folk traditions?,South,0.8778,0.6447,0.6296,0.6142,0.6104
Which instrument commonly provides rhythm in traditional southern performances?,South,0.8337,0.7443,0.6626,0.6154,0.6145
What is a traditional feature of many southern Saudi cultural performances?,South,0.8571,0.7254,0.6633,0.649,0.6436
Which activity may accompany traditional southern dances?,South,0.8124,0.7313,0.6672,0.6419,0.5934
Where are traditional southern performances commonly presented today?,South,0.8451,0.7444,0.6888,0.6737,0.6354
Why are traditional southern dances important to cultural heritage?,South,0.8471,0.6885,0.553,0.5514,0.5261
What agricultural product is strongly associated with Jazan and southwestern Saudi Arabia?,South,0.818,0.6719,0.6681,0.6586,0.6402
Which crop is traditionally cultivated in the mountainous areas of Jazan?,South,0.8236,0.6754,0.6697,0.6632,0.6579
What is a traditional feature of coffee cultivation in southwestern Saudi Arabia?,South,0.8505,0.8002,0.7891,0.7806,0.662
How is knowledge about Khawlani coffee cultivation transmitted?,South,0.8971,0.6578,0.6258,0.6253,0.591
What is one traditional agricultural feature of the southwestern highlands?,South,0.7582,0.6432,0.5881,0.5817,0.5618
Why are agricultural terraces useful in mountainous areas?,South,0.8588,0.6904,0.5272,0.5045,0.4141
Which region is known for Khawlani coffee cultivation in Saudi Arabia?,South,0.8823,0.877,0.8731,0.818,0.7055
What is a traditional hand-operated millstone used for grinding grains called?,South,0.7717,0.7194,0.5372,0.4423,0.4153
What grains can traditionally be ground using Al-Raha?,South,0.8407,0.6925,0.6401,0.6263,0.5075
What is a traditional Qirbah used for?,South,0.7479,0.5085,0.4639,0.4342,0.4178
Which traditional object was used to carry or store water?,South,0.7621,0.6439,0.4945,0.4519,0.4243
What natural materials were traditionally important in southern Saudi homes?,South,0.8697,0.6422,0.6328,0.6222,0.584
Which materials are associated with traditional Aseer architecture?,South,0.812,0.757,0.7234,0.7173,0.7152
How does geography influence traditional architecture in Aseer?,South,0.8557,0.7895,0.7247,0.7,0.6757
What is one characteristic of traditional Aseer architecture?,South,0.7388,0.725,0.7037,0.6698,0.6467
What is a heritage village in southern Saudi Arabia?,South,0.7718,0.6894,0.6861,0.6839,0.6504
Which city is the administrative capital of Aseer Province?,South,0.7891,0.4849,0.4637,0.4337,0.3941
Where is Aseer Province located?,South,0.7611,0.6202,0.5525,0.5432,0.5252
Which city is an important cultural and historical center in Aseer?,South,0.7924,0.4994,0.4819,0.4818,0.464
Why is southern Saudi heritage culturally diverse?,South,0.8723,0.6275,0.6113,0.6072,0.5967
What traditional sweet dish is associated with Jazan Province?,South,0.8204,0.7014,0.6761,0.6735,0.6728
Which traditional Jazan dish is made by mixing crumbled whole-wheat bread with bananas?,South,0.8694,0.6051,0.5965,0.5801,0.579
What ingredients are traditionally used in Al-Marsah?,South,0.7727,0.5557,0.5112,0.5072,0.4993
What is Al-Mahshosh?,South,0.5915,0.5679,0.4981,0.4741,0.4681
What type of foods are traditionally associated with coastal Jazan?,South,0.8916,0.8756,0.8319,0.7403,0.6938
What foods are associated with mountainous areas of Jazan?,South,0.7876,0.7717,0.7683,0.7671,0.7263
What foods are associated with the plains of Jazan?,South,0.7558,0.751,0.7497,0.7239,0.7086
What is Al-Mughash?,South,0.7548,0.5527,0.539,0.5359,0.5352
Which traditional vessel is used for cooking meat and fish in Jazan?,South,0.8855,0.7307,0.7201,0.7157,0.694
What is Al-Haisiyah in Jazan traditional cooking?,South,0.8136,0.6349,0.5921,0.5861,0.5688
What is Al-Jabna in Jazan heritage?,South,0.765,0.7623,0.6453,0.6309,0.6262
Which traditional Jazan object is a clay coffee pot?,South,0.8568,0.7314,0.6433,0.6387,0.6351
What is traditional pottery used for in Jazan?,South,0.8192,0.8139,0.7213,0.6518,0.6448
What material is traditionally used in Jazan pottery?,South,0.8678,0.7826,0.692,0.6591,0.6525
What is Al-Qadah in Jazan handicrafts?,South,0.7642,0.583,0.5647,0.5571,0.5329
Which handicraft is associated with traditional Jazan furniture?,South,0.8389,0.7642,0.7443,0.6986,0.6314
What traditional crafts are practiced in Jazan?,South,0.7991,0.6751,0.6706,0.6651,0.6644
Which of the following is a traditional handicraft associated with Jazan?,South,0.8033,0.7949,0.7442,0.6507,0.617
What traditional plant-based products are associated with handicrafts in Jazan?,South,0.8474,0.7736,0.7092,0.6154,0.6115
Which material is traditionally used for some handicrafts in Jazan?,South,0.8589,0.7119,0.687,0.6322,0.6247
What is Al-Asha in traditional Jazan architecture?,South,0.8501,0.6948,0.6447,0.6298,0.6091
What shape does a traditional Al-Asha house have from the outside?,South,0.7806,0.6383,0.6341,0.6327,0.6056
What is the traditional floor plan of Al-Asha?,South,0.7759,0.601,0.5933,0.5778,0.5371
Why does Al-Asha have two perpendicular entrances?,South,0.8197,0.5807,0.5625,0.5041,0.4872
What materials are used in traditional Al-Asha construction?,South,0.8285,0.6868,0.6823,0.559,0.5415
What is the traditional purpose of Al-Asha?,South,0.6531,0.5484,0.5425,0.5117,0.5041
What is Al-Arish in traditional Jazan architecture?,South,0.8665,0.7266,0.5786,0.578,0.5557
What is Banayah in traditional Jazan homes?,South,0.8246,0.6645,0.611,0.5806,0.5766
Where is Al-Asha particularly found in Jazan?,South,0.7784,0.729,0.6449,0.6406,0.562
What is characteristic of traditional architecture in Jazan's mountainous areas?,South,0.8502,0.8212,0.7509,0.746,0.7453
What is distinctive about traditional buildings in Fayfa?,South,0.815,0.523,0.5075,0.5064,0.4965
Which Saudi area is known for cylindrical traditional stone houses?,South,0.9039,0.7619,0.7193,0.7044,0.6667
How does traditional Jazan architecture respond to the environment?,South,0.8664,0.7654,0.7387,0.7381,0.7337
What are the three broad traditional architectural environments in Jazan?,South,0.8746,0.7942,0.7878,0.775,0.7601
What is characteristic of some traditional buildings in Tihama valleys?,South,0.8408,0.6375,0.5441,0.5242,0.5198
Why are some traditional Jazan houses built with thick walls and small windows?,South,0.8372,0.6538,0.6129,0.6124,0.5962
What are agricultural terraces in the mountains of Jazan used for?,South,0.8588,0.7342,0.6744,0.6287,0.5997
Which Jazan mountain area is associated with traditional buildings located on agricultural terraces?,South,0.8844,0.8232,0.7879,0.7565,0.7087
What is one reason traditional Jazan architecture differs between areas?,South,0.8721,0.7862,0.7782,0.7666,0.7434
What is Jazan Heritage Village?,South,0.8416,0.7463,0.7281,0.7186,0.6706
Where is Jazan Heritage Village located?,South,0.879,0.7351,0.7246,0.7112,0.6793
What types of traditional houses are represented at Jazan Heritage Village?,South,0.8527,0.7341,0.7192,0.7174,0.6974
What traditional objects can be displayed at Jazan Heritage Village?,South,0.8641,0.7548,0.6899,0.6809,0.6582
What is the purpose of Jazan Heritage Village?,South,0.817,0.7672,0.6777,0.67,0.658
Where is Al-Qassar Heritage Village located?,South,0.7842,0.7777,0.728,0.7193,0.6351
What is Al-Qassar Heritage Village known for?,South,0.7423,0.7419,0.6978,0.648,0.6325
What materials were used in traditional buildings in Al-Qassar?,South,0.8611,0.8547,0.6831,0.6755,0.6076
Why did Al-Qassar become an important settlement on Farasan Island?,South,0.8516,0.6895,0.644,0.6328,0.5882
What is Farasan known for in southern Saudi heritage?,South,0.8348,0.629,0.6276,0.6227,0.622
Which province includes the Farasan Islands?,South,0.8544,0.8489,0.7044,0.6097,0.6041
What traditional resources were adapted for construction in Jazan?,South,0.8657,0.7373,0.7132,0.6834,0.6591
How did traditional Jazan communities adapt their homes to local environments?,South,0.8549,0.7213,0.7176,0.6912,0.69
What traditional house type is associated with the Tuhama plains of Jazan?,South,0.884,0.7548,0.7056,0.6821,0.6539
What type of settlement can be found in mountainous Jazan?,South,0.8545,0.7125,0.6992,0.6721,0.6681
What is a traditional feature of Jazan's coastal heritage?,South,0.8115,0.7196,0.7194,0.7164,0.698
What traditional food sources are associated with coastal Jazan?,South,0.8934,0.8564,0.8224,0.733,0.6867
How does Jazan's geography affect its traditional food?,South,0.8668,0.7573,0.7522,0.7483,0.6961
Why is Jazan cultural heritage diverse?,South,0.7999,0.6768,0.6633,0.658,0.6211
What is Khameer bread?,South,0.7555,0.6852,0.6811,0.6541,0.6091
Which grain is traditionally used to make Khameer bread?,South,0.8179,0.6769,0.6719,0.5996,0.5958
What is another local name for Khameer bread?,South,0.7815,0.7429,0.7383,0.6319,0.6271
How is traditional Khameer dough prepared?,South,0.7948,0.6028,0.5644,0.5611,0.5182
What is a traditional oven used to bake Khameer?,South,0.8314,0.5376,0.5266,0.5162,0.5109
What is Mifa?,South,0.7634,0.6331,0.3649,0.317,0.2612
What is Khameer commonly served with?,South,0.7402,0.5546,0.5134,0.4957,0.4404
What is Fatat al-Khameer?,South,0.7088,0.5049,0.5026,0.4976,0.4879
What traditional Jazan dish is associated with Eid al-Adha?,South,0.8995,0.6182,0.6169,0.6147,0.5925
What is Al-Mahshosh made from?,South,0.7088,0.5497,0.5228,0.4972,0.4748
How is Al-Mahshosh traditionally preserved?,South,0.7343,0.591,0.5502,0.4199,0.4195
What is Mafalet?,South,0.7363,0.3598,0.3307,0.3029,0.3003
Which dish is traditionally associated with Suhur in Jazan?,South,0.859,0.6295,0.6284,0.6134,0.6122
What is Aseeda in Jazan cuisine?,South,0.8566,0.7638,0.675,0.6607,0.633
Which ingredient is traditionally added to the center of Jazan Aseeda?,South,0.886,0.7426,0.6331,0.5963,0.5798
What is Haisiyah?,South,0.655,0.5094,0.3791,0.3519,0.343
Which traditional vessel has a wide top and narrower bottom in Jazan cuisine?,South,0.9012,0.7648,0.6634,0.6403,0.6352
What is Al-Jabna in Jazan traditional culture?,South,0.8015,0.7295,0.6545,0.5929,0.5917
What material is traditionally used to make Al-Jabna?,South,0.8201,0.6466,0.63,0.6001,0.5902
What is Al-Sahfa?,South,0.7232,0.6046,0.5961,0.589,0.5621
What is the Harid fish?,South,0.7508,0.7069,0.6101,0.5209,0.4825
What type of fish is Harid?,South,0.7397,0.7297,0.5829,0.5075,0.4786
Where is the Harid fish particularly associated with a traditional festival?,South,0.765,0.6936,0.5808,0.5787,0.573
What is the Harid Tourism Festival?,South,0.7868,0.7289,0.6645,0.4981,0.4935
When is the Harid Tourism Festival traditionally held?,South,0.8551,0.7066,0.6339,0.4992,0.4831
What activity is associated with the Harid Tourism Festival?,South,0.7837,0.7187,0.7143,0.4923,0.4804
Why is Harid important in Farasan heritage?,South,0.7756,0.5758,0.5606,0.5563,0.5539
What environmental setting surrounds the Farasan Islands?,South,0.8589,0.6866,0.6668,0.6645,0.6567
What is distinctive about Farasan's traditional heritage?,South,0.7911,0.7035,0.6887,0.643,0.6367
What is Al-Qassar?,South,0.6369,0.5765,0.5567,0.5461,0.5402
What materials were used in traditional buildings at Al-Qassar?,South,0.8611,0.8594,0.6818,0.6623,0.5995
What natural resource helped support settlement at Al-Qassar?,South,0.8019,0.6223,0.5295,0.5243,0.5103
What type of vegetation is prominent around Al-Qassar?,South,0.8323,0.6142,0.6007,0.5712,0.5683
What is traditional architecture in Farasan influenced by?,South,0.8396,0.642,0.6394,0.6229,0.5991
Which province do the Farasan Islands belong to?,South,0.8656,0.8453,0.7238,0.6296,0.6207
Which sea is directly associated with Farasan's maritime heritage?,South,0.839,0.7349,0.682,0.662,0.6284
What traditional economic activities are associated with Farasan?,South,0.8623,0.6153,0.5781,0.5743,0.5499
What does the island environment contribute to Farasan cuisine?,South,0.7961,0.651,0.6461,0.6053,0.5848
How does geography shape southern Saudi food traditions?,South,0.8371,0.7077,0.7021,0.6813,0.646
What is one example of a coastal food tradition in Jazan?,South,0.8886,0.8371,0.8289,0.7432,0.6846
What is Al-Khutwa?,South,0.7443,0.5979,0.5902,0.5792,0.5598
What other names are used for Al-Khutwa?,South,0.7161,0.6482,0.5753,0.5621,0.5403
What movement gives Al-Khutwa its name?,South,0.7115,0.6991,0.5903,0.5856,0.5607
What accompanies Al-Khutwa performances?,South,0.7487,0.6225,0.5951,0.4745,0.4704
Which Saudi province is particularly associated with Al-Khutwa?,South,0.8727,0.6564,0.607,0.5957,0.5883
What is the traditional Aseeri house generally shaped like?,South,0.7938,0.6964,0.6903,0.6694,0.6603
What happens to the walls of many traditional Aseeri houses as they rise?,South,0.8223,0.6186,0.6077,0.6024,0.5862
What were some traditional Aseeri houses used for besides living?,South,0.834,0.6667,0.6451,0.6436,0.637
What is commonly found on the ground floor of a traditional Aseeri house?,South,0.8037,0.7069,0.6994,0.6844,0.6602
What are upper floors of traditional Aseeri houses commonly used for?,South,0.8367,0.7454,0.7062,0.637,0.6326
Do traditional Aseeri houses usually have a central courtyard?,South,0.9096,0.6872,0.6437,0.6202,0.6084
What may be located beside a traditional Aseeri house?,South,0.7903,0.7639,0.7411,0.7336,0.7282
What environmental factors influenced Aseeri house designs?,South,0.8366,0.5802,0.5692,0.5572,0.5425
Why were some traditional Aseeri houses strongly built?,South,0.8044,0.757,0.6859,0.6329,0.6287
What decorative elements can appear on traditional Aseeri houses?,South,0.8475,0.6492,0.6475,0.6259,0.6218
What is one function of agricultural storage rooms in traditional Aseeri houses?,South,0.8647,0.7016,0.6761,0.5691,0.5575
How does traditional Aseeri architecture reflect local geography?,South,0.8719,0.8147,0.7498,0.6908,0.6692
Which traditional art is used to decorate interior walls in Aseer?,South,0.8099,0.6828,0.649,0.6168,0.5849
What type of designs are characteristic of Al-Qatt Al-Asiri?,South,0.8088,0.6934,0.6872,0.6811,0.673
Why is Al-Qatt Al-Asiri important to Aseer heritage?,South,0.8434,0.6818,0.6762,0.6655,0.6476
What makes Historic Jeddah (Al-Balad) historically significant according to UNESCO?,West,0.8906,0.7949,0.6474,0.6456,0.6212
Which historic district in Jeddah was inscribed on the UNESCO World Heritage List in 2014?,West,0.9078,0.7636,0.6773,0.67,0.6628
What is a Roshan (plural: Rawashin) in the vernacular architecture of the Western Region?,West,0.8577,0.5786,0.5229,0.485,0.4824
What distinctive wooden latticework feature prominently projects from the facades of traditional coral-stone houses in Historic Jeddah and Makkah?,West,0.9284,0.7552,0.7329,0.7261,0.7108
What historical civilization carved the monumental tomb facades at Hegra (Al-Hijr) in Al-Ula?,West,0.8981,0.6528,0.595,0.5946,0.5926
Which was the first UNESCO World Heritage site inscribed in Saudi Arabia in 2008?,West,0.8614,0.8048,0.7234,0.7066,0.655
What is Ward Taifi (Taif Rose) and why is its seasonal harvest famous?,West,0.8852,0.669,0.5741,0.559,0.5223
In which mountainous region of the Western Province is the world-renowned 30-petal Damask rose cultivated and distilled?,West,0.9212,0.6483,0.6134,0.6095,0.6061
How is precious Taif rose oil (Attar) traditionally extracted in artisan distilleries?,West,0.9085,0.6272,0.625,0.5324,0.508
What traditional metal equipment is used to distill Taif rose petals into pure rose water and aromatic attar?,West,0.8888,0.7281,0.5689,0.5426,0.5377
What is Al-Saleeq in the culinary traditions of Taif and the Western Region?,West,0.8484,0.5929,0.5915,0.5879,0.5815
"What dairy liquid is blended with rice to give authentic Taifi Saleeq its distinctive creamy, risotto-like consistency?",West,0.7981,0.502,0.4676,0.4656,0.4625
What is Al-Mizmar and on what occasions is it performed across Hijazi cities?,West,0.8124,0.5627,0.5297,0.5049,0.5035
Which traditional Western Saudi stick-twirling performance was inscribed by UNESCO on the Representative List of the Intangible Cultural Heritage in 2016?,West,0.9472,0.6478,0.6451,0.6449,0.6338
"What is Sobya and during which season is it most prominently consumed in Makkah, Madinah, and Jeddah?",West,0.8521,0.5665,0.5656,0.5638,0.5409
Which traditional fermented sweet cereal beverage is iconic on Hijazi iftar tables during Ramadan?,West,0.8903,0.5916,0.5916,0.5614,0.5608
What is Al-Ma'asoub in Western Saudi culinary culture?,West,0.8608,0.6799,0.6788,0.6619,0.6553
What fresh fruit is the core ingredient mashed together with whole-wheat flatbread to make authentic Ma'asoub?,West,0.8732,0.616,0.4759,0.4756,0.4718
How is Al-Balila prepared as a beloved traditional street food in the historic alleyways of Jeddah and Makkah?,West,0.8663,0.6806,0.6696,0.601,0.5986
What type of legume forms the basis of the famous Hijazi street food Al-Balila?,West,0.8245,0.6547,0.6062,0.5998,0.5846
What is Al-Dibyazah and when is it traditionally served in Hijazi households?,West,0.85,0.5691,0.5564,0.5444,0.5343
Which fruit paste forms the rich golden simmered base of authentic Hijazi Eid Dibyazah?,West,0.883,0.5279,0.5055,0.4914,0.4864
What is Al-Ghbana (or Al-Imamah Al-Hijaziyah) in traditional men's attire in the Western Region?,West,0.8783,0.7062,0.6886,0.688,0.6863
What is the traditional yellow-hued patterned turban worn by Hijazi urban notables and merchants called?,West,0.9036,0.6173,0.6014,0.5701,0.5567
What characterizes the traditional Hijazi women's gown known as Al-Zaboun?,West,0.8954,0.7034,0.6626,0.6427,0.6313
"Which fitted, high-collared traditional coat-dress made of rich silk brocade is iconic in historical Hijazi women's attire?",West,0.6766,0.6719,0.6566,0.6492,0.5963
Why is Beit Naseef in Historic Jeddah celebrated as a historic architectural landmark?,West,0.8165,0.6924,0.666,0.6494,0.648
Which historic four-story mansion in Jeddah's Al-Balad hosted King Abdulaziz in 1925 and features an interior wide ramp-staircase?,West,0.9106,0.7655,0.5875,0.5804,0.5742
What historical role did Souq Al-Alawi play within Historic Jeddah?,West,0.679,0.6656,0.6196,0.5971,0.556
"Which historic thoroughfare market in Al-Balad, Jeddah, has connected the historic seaport to eastern pilgrimage routes for centuries?",West,0.7533,0.734,0.7059,0.6696,0.6667
What native building material was extracted from the Red Sea to construct the multi-story tower houses of Historic Jeddah?,West,0.9242,0.7149,0.7016,0.6491,0.6002
What local marine stone was quarried along the Red Sea coast to build the historic multi-tiered houses of Jeddah and Yanbu?,West,0.8794,0.8244,0.7622,0.6908,0.6823
What is the Simsimiyah and what role does it play in the coastal musical culture of Yanbu and Jeddah?,West,0.8682,0.68,0.5182,0.5124,0.5085
Which traditional five-stringed bowl lyre instrument is synonymous with the seafaring musical heritage of Yanbu Al-Bahr?,West,0.9163,0.624,0.5369,0.5256,0.5254
What is Al-Khabiti and how is it performed in the folk traditions of the Western Region?,West,0.8277,0.6689,0.6241,0.6105,0.5886
Which high-tempo traditional dance popular across Western Saudi Arabia features intense rhythmic frame-drumming and rapid spinning movements?,West,0.9253,0.7933,0.7712,0.7669,0.7164
What is Al-Majrour and which mountain city in the Western Region is celebrated for this art form?,West,0.8291,0.6607,0.6339,0.6313,0.6142
Which traditional performing art characterized by synchronized kneeling and small frame drums originated in the city of Taif?,West,0.8903,0.5328,0.5255,0.5183,0.517
What historical role did Yanbu Al-Bahr serve along the Red Sea trade and pilgrimage network?,West,0.7995,0.6415,0.5462,0.545,0.5037
Which historic coastal port city has traditionally served as the principal maritime sea gateway to Al-Madinah Al-Munawwarah?,West,0.8959,0.6741,0.6499,0.603,0.5974
What is the most common dish in West Saudi Arabia?,West,0.86,0.8372,0.8129,0.8054,0.8021
What is the most common sweet in West Saudi Arabia?,West,0.8502,0.8493,0.7565,0.7215,0.7179
What is the common traditional street food in West Saudi Arabia?,West,0.8417,0.8319,0.7794,0.7667,0.7501
What is the most common breakfast dish in West Saudi Arabia?,West,0.8427,0.834,0.8035,0.8011,0.7644
What is the common traditional drink in West Saudi Arabia?,West,0.8443,0.8205,0.8011,0.7971,0.7521
What is the traditional clothing for men in West Saudi Arabia?,West,0.8644,0.8468,0.8395,0.8337,0.7742
What is the traditional clothing for women in West Saudi Arabia?,West,0.8841,0.8784,0.8202,0.8196,0.8003
What is the traditional breakfast dish eaten after Eid in West Saudi Arabia?,West,0.8927,0.8604,0.7394,0.7303,0.719
What are the common traditional dances in West Saudi Arabia?,West,0.8921,0.883,0.7929,0.7907,0.7664
What is the common traditional music in West Saudi Arabia?,West,0.8776,0.807,0.7997,0.7739,0.7731
What is the common traditional craft in West Saudi Arabia?,West,0.8632,0.8556,0.8397,0.7382,0.7381
What is the name of the items the bride buys for her wedding in West Saudi Arabia?,West,0.8107,0.8107,0.7522,0.7459,0.7451
What is the average amount of dowry presented to the wife in Saudi Arabia?,West,0.8744,0.8591,0.5721,0.5462,0.4867
What grain and broth traditionally form the basis of Hijazi Shorbat Habb served during Ramadan?,West,0.8832,0.8807,0.5858,0.5394,0.5349
What is the name of a common drink in Western Saudi Arabia during Ramadan?,West,0.8382,0.8382,0.7443,0.7432,0.7341
What type of rice turns brown and is always served with fried or grilled fish in West Saudi Arabia?,West,0.9058,0.8934,0.6326,0.5937,0.5869
What are the most famous pastries in the Western region of Saudi Arabia?,West,0.8937,0.8727,0.7328,0.72,0.7183
"What is the name of a famous spice blend in Madinah, Saudi Arabia, known for its distinctive flavor and essential use in local dishes?",West,0.9157,0.9069,0.7039,0.6359,0.6333
What is the name of a common drink in Western Saudi Arabia in winter?,West,0.8326,0.8326,0.776,0.7551,0.7549
What are the traditional hospitality greetings and gestures extended to guests in the Western Region (Hijaz)?,West,0.9046,0.8874,0.8045,0.7157,0.6615
What is the traditional gift or monetary honorarium presented to the bride's mother upon the marriage contract in Western Saudi Arabia?,West,0.8989,0.8499,0.6371,0.6371,0.6226
What is the name of the surah in the Quran that is read to declare engagement in West Saudi Arabia?,West,0.8013,0.8013,0.5617,0.5469,0.539
What is the name of the event that happens to the bride before the wedding in West Saudi Arabia?,West,0.8493,0.8313,0.6723,0.6697,0.6685
What popular drink is usually served to celebrate the Islamic New Year in West Saudi Arabia?,West,0.8497,0.8459,0.7084,0.7064,0.7064
What is the traditional breakfast dish in Eid Al-Adha?,West,0.8219,0.8133,0.74,0.7039,0.6955
What is the name of a family gathering that happens before Ramadan?,West,0.8253,0.8253,0.5716,0.5667,0.5481
Where do the people of Mecca usually go the night the pilgrims spend the night at Arafat?,West,0.839,0.8295,0.5997,0.585,0.5257
Which Saudi province is famous for rose distillation and producing rose water?,West,0.8643,0.8611,0.5849,0.5503,0.5475
"What is the name of the person responsible for assisting pilgrims coming from outside Saudi Arabia, guiding them from their arrival in Mecca until their departure?",West,0.8721,0.8614,0.6161,0.6085,0.6032
What is the name of the traditional job in Mecca that involved providing water to pilgrims and worshippers?,West,0.8833,0.8813,0.6047,0.596,0.5755
Which regions of Saudi Arabia is the game of Carrom specifically known?,West,0.8929,0.8929,0.7019,0.6966,0.6815
"What is the ""Kasrah"" in the context of the ""Harabi Dance""?",West,0.8728,0.8687,0.5584,0.5457,0.5253
"In which region of Saudi Arabia is the ""Al-Majroor"" dance a popular folkloric tradition?",West,0.9081,0.9062,0.7896,0.7792,0.7514
"Where is the dance ""Al-Ashouri"" famous in Saudi Arabia?",West,0.8561,0.8533,0.7384,0.7325,0.7015
What is the most common dish in the west of Saudi Arabia?,West,0.869,0.8405,0.8158,0.8139,0.8127
What is the most popular sweet in the west of Saudi Arabia?,West,0.8521,0.8165,0.7447,0.716,0.7124
What is the most common traditional street food in the west of Saudi Arabia?,West,0.8506,0.8463,0.7962,0.785,0.7687
What is the most common breakfast dish in the west of Saudi Arabia?,West,0.8488,0.8438,0.8071,0.8019,0.7729
What is the most common traditional drink in the west of Saudi Arabia?,West,0.8609,0.8176,0.8036,0.8,0.7518
What is the traditional breakfast dish during Eid Al-Fitr in the west of Saudi Arabia?,West,0.905,0.8617,0.7364,0.736,0.7338
What is the traditional clothing for men in the west of Saudi Arabia?,West,0.8712,0.8516,0.8441,0.8416,0.7772
What is the traditional clothing for women in the west of Saudi Arabia?,West,0.8886,0.8859,0.8247,0.8213,0.803
What are the common traditional dances in the west of Saudi Arabia?,West,0.9005,0.8951,0.8054,0.8034,0.7749
What is the common traditional music in the Western Region (Taif)?,West,0.8581,0.6823,0.6654,0.6144,0.6071
What is the common traditional craft in the west of Saudi Arabia?,West,0.8691,0.8606,0.8412,0.7448,0.7447
What is the name of the items the bride buys for her wedding in west Saudi Arabia?,West,0.8107,0.8107,0.7522,0.7459,0.7451
What is the average amount of dowry presented to the wife in Saudi Arabia?,West,0.8744,0.8591,0.5721,0.5462,0.4867
What type of rice turns brown and is always served with fried or grilled fish in West Saudi Arabia?,West,0.9058,0.8934,0.6326,0.5937,0.5869
What is the name of a common drink in Western Saudi Arabia during Ramadan?,West,0.8382,0.8382,0.7443,0.7432,0.7341
"What is the name of a famous spice blend in Madinah, Saudi Arabia, known for its distinctive flavor and essential use in local dishes?",West,0.9157,0.9069,0.7039,0.6359,0.6333
What is the name of a common drink in Western Saudi Arabia in winter?,West,0.8326,0.8326,0.776,0.7551,0.7549
What grain and broth traditionally form the basis of Hijazi Shorbat Habb served during Ramadan?,West,0.8832,0.8807,0.5858,0.5394,0.5349
What are the most famous pastries in the Western region of Saudi Arabia?,West,0.8937,0.8727,0.7328,0.72,0.7183
What popular drink is usually served to celebrate the Islamic New Year in West Saudi Arabia?,West,0.8497,0.8459,0.7084,0.7064,0.7064
What is the name of a family gathering that happens before Ramadan?,West,0.8253,0.8253,0.5716,0.5667,0.5481
What is the traditional breakfast dish in Eid Al-Adha?,West,0.8219,0.8133,0.74,0.7039,0.6955
What is the name of the traditional job in Mecca that involved providing water to pilgrims and worshippers?,West,0.8833,0.8813,0.6047,0.596,0.5755
Which Saudi province is famous for rose distillation and producing rose water?,West,0.8643,0.8611,0.5849,0.5503,0.5475
"What is the name of the person responsible for assisting pilgrims coming from outside Saudi Arabia, guiding them from their arrival in Mecca until their departure?",West,0.8721,0.8614,0.6161,0.6085,0.6032
Which regions of Saudi Arabia is the game of Carrom specifically known?,West,0.8929,0.8929,0.7019,0.6966,0.6815
What is the “Kasrah” in the context of the “Harabi Dance”?,West,0.8765,0.8743,0.5633,0.545,0.5313
In which region of Saudi Arabia is the “Al-Majroor” dance a popular folkloric tradition?,West,0.9088,0.9082,0.7903,0.7799,0.751
Where is the dance “Al-Ashouri” famous in Saudi Arabia?,West,0.8617,0.8574,0.7443,0.7394,0.7085
What are the traditional hospitality greetings and gestures extended to guests in the Western Region (Hijaz)?,West,0.9046,0.8874,0.8045,0.7157,0.6615
What is the name of the event that happens to the bride before the wedding in West Saudi Arabia?,West,0.8493,0.8313,0.6723,0.6697,0.6685
What is the name of the surah in the Quran that is read to declare engagement in West Saudi Arabia?,West,0.8013,0.8013,0.5617,0.5469,0.539
What is the traditional gift or monetary honorarium presented to the bride's mother upon the marriage contract in Western Saudi Arabia?,West,0.8989,0.8499,0.6371,0.6371,0.6226
Where do the people of Mecca usually go the night the pilgrims spend the night at Arafat during the Hajj days?,West,0.8623,0.809,0.6038,0.5712,0.5284
What color does the authentic Mabroom date of Al-Madinah Al-Munawwarah tend to?,West,0.832,0.7301,0.6556,0.5697,0.5688
What is the name of the dish prepared by the people of Medina for Eid breakfast?,West,0.8305,0.6762,0.6564,0.6189,0.6024
What accompanies the “Harabi Dance”?,West,0.7323,0.6069,0.5982,0.5526,0.5054
The “Yalli Dance” is a traditional group folk dance known in the western region of Saudi Arabia. In which areas is it performed?,West,0.9345,0.718,0.718,0.7015,0.7007
What is the traditional attire worn by the “Jassis” in Saudi Arabia?,West,0.866,0.7012,0.6851,0.6774,0.677
What is the common traditional craft in the west of Saudi Arabia?,West,0.8691,0.8606,0.8412,0.7448,0.7447
What historical and cultural significance do Ajwa dates hold in Al-Madinah Al-Munawwarah?,West,0.8862,0.7539,0.644,0.6109,0.5763
Which celebrated dark-colored date variety is historically and spiritually associated exclusively with Al-Madinah Al-Munawwarah?,West,0.8944,0.7675,0.6943,0.6542,0.6276
What was the traditional hereditary guild of Az-Zamazimah in Makkah Al-Mukarramah?,West,0.8857,0.7289,0.5593,0.5472,0.5323
Which traditional professional guild in Makkah Al-Mukarramah historically oversaw the service and distribution of Zamzam water to pilgrims?,West,0.9376,0.7583,0.6751,0.637,0.6203
What artisanal craft is practiced at the King Abdulaziz Complex for Holy Kaaba Kiswa in Makkah?,West,0.8802,0.6233,0.6139,0.5623,0.5597
What precious metallic threads are hand-embroidered by master craftsmen onto the ornamental belt of the Holy Kaaba Kiswa in Makkah?,West,0.9236,0.7466,0.6621,0.6153,0.5671
What distinctive aromatic resin is traditionally used to flavor Arabic coffee and perfume drinking cups in Hijaz?,West,0.8918,0.7245,0.6344,0.5882,0.5767
Which translucent aromatic tree resin is unique to boiling Hijazi Arabic coffee and smoking drinking glasses?,West,0.8647,0.7321,0.607,0.5581,0.5479
What is Khobz Al-Tamees and how is it baked in traditional Hijazi urban bakeries?,West,0.8824,0.7321,0.5675,0.5624,0.5617
"What traditional clay oven is utilized across Makkah, Jeddah, and Madinah to bake fresh Tamees bread?",West,0.763,0.6691,0.6464,0.5902,0.568
What culinary step defines authentic Hijazi Foul Qallaba served in historic neighborhoods?,West,0.8007,0.7563,0.53,0.5158,0.5098
What technique is traditionally used in Hijazi restaurants to give Foul Qallaba its signature smoky flavor?,West,0.8655,0.7273,0.5617,0.4838,0.4813
Why is Beit Al-Ba'eshen in Historic Jeddah historically and socially significant?,West,0.8216,0.6578,0.6187,0.6061,0.5987
Which celebrated 19th-century coral-stone mansion in Historic Jeddah houses a rare private manuscript and calligraphy collection?,West,0.8926,0.6437,0.6281,0.6241,0.6087
What architectural features distinguish Beit Matbouli in the Al-Yemen quarter of Historic Jeddah?,West,0.9009,0.7491,0.7061,0.6759,0.6421
In which historic residential quarter of Al-Balad is the restored Beit Matbouli museum situated?,West,0.8437,0.626,0.5748,0.5183,0.5049
What were the primary historic defensive gates puncturing the old fortified city wall of Jeddah?,West,0.837,0.6308,0.6133,0.5841,0.5745
Which historic gate on the eastern wall of Old Jeddah stood as the departure portal for pilgrim caravans heading toward Makkah?,West,0.9154,0.6791,0.6166,0.599,0.5846
Why is the Al-Shafi'i Mosque in Historic Jeddah revered in Islamic architecture?,West,0.8791,0.6409,0.6191,0.6002,0.5964
"In which historical quarter of Al-Balad, Jeddah, is the 13th-century Al-Shafi'i Mosque located?",West,0.8258,0.7553,0.6586,0.6519,0.6212
Why is Masjid Quba in Al-Madinah Al-Munawwarah historically significant in Islamic civilization?,West,0.8958,0.7719,0.711,0.5847,0.5607
Which historic sanctuary in Al-Madinah Al-Munawwarah is documented as the first mosque built in Islamic history?,West,0.8962,0.7322,0.7255,0.6227,0.6007
What historical event took place at the base of Mount Uhud north of Madinah in 625 CE?,West,0.8245,0.5957,0.5245,0.5244,0.5068
Which landmark hill where archers were positioned stands adjacent to Mount Uhud in Al-Madinah Al-Munawwarah?,West,0.925,0.6757,0.5778,0.5525,0.5206
What ancient architectural and agricultural landscape characterizes the historic oasis of Khaybar?,West,0.839,0.6877,0.6568,0.5709,0.5478
What dark volcanic stone naturally characterizes the terrain and ancient fortress walls of Khaybar Oasis?,West,0.8813,0.713,0.6232,0.5283,0.4966
What historical role did Jabal Ikmah and Dadan play in the epigraphic heritage of ancient Arabia?,West,0.8678,0.5569,0.5529,0.5525,0.5271
Which archaeological mountain in Al-Ula is globally celebrated as an 'open-air library' of ancient Dadanitic and Lihyanite inscriptions?,West,0.9399,0.6115,0.5633,0.5525,0.5383
What architectural design defines the mudbrick settlement of Al-Ula Old Town (Ad-Deerah)?,West,0.8652,0.7087,0.5703,0.5306,0.5239
Which historic stone fortress overlooks the interconnected mudbrick dwellings of Al-Ula Old Town?,West,0.8476,0.7627,0.5725,0.523,0.4986
What architectural fusion characterizes the historic Shubra Palace in Taif?,West,0.8703,0.7996,0.637,0.622,0.4106
Which landmark palace constructed in 1905 in Taif served as a royal residence and features a fusion of Hijazi and neoclassical architecture?,West,0.9074,0.7165,0.6168,0.612,0.4838
What historical role did Souq Okaz play in pre-Islamic and early Arabic cultural heritage?,West,0.7772,0.5034,0.4924,0.4921,0.4824
Which legendary historic market near Taif was renowned in classical Arabia as the premier arena for tribal poetic competitions?,West,0.9232,0.6462,0.5974,0.5949,0.5914
Why was the historic market in Yanbu Al-Bahr named Souq Al-Lail (The Night Market)?,West,0.8458,0.7851,0.6074,0.6006,0.5985
Which historic marketplace in Yanbu Al-Bahr historically operated after sunset to cater to returning fishermen and sailors?,West,0.8967,0.7269,0.6878,0.5958,0.5863
What geographical prominence does Mount Radwa hold in the maritime navigation of the Red Sea?,West,0.7746,0.6707,0.5008,0.4617,0.3885
Which high red granite mountain near Yanbu historically served as a towering natural navigational beacon for Red Sea mariners?,West,0.8933,0.7691,0.4366,0.4143,0.4055
What is the historical significance of the governorate of Badr south of Madinah?,West,0.7925,0.5402,0.5311,0.4814,0.4584
In which Hijri year did the foundational Battle of Badr occur in the Western Province?,West,0.8836,0.6105,0.4814,0.4511,0.3687
What is Al-Dabsh in the traditional wedding customs of the Western Region?,West,0.8555,0.6634,0.6473,0.6426,0.6364
"What is the ceremonial transfer of the bride's wedding wardrobe, furnishings, and beauty boxes called in Western Saudi Arabia?",West,0.8649,0.7394,0.7246,0.7217,0.715
What traditional attire and facial adornment is worn by the bride during Laylat Al-Ghumrah in Hijazi traditions?,West,0.9164,0.7655,0.656,0.6414,0.6393
What ceremonial face veil adorned with gold sequins or coins was traditionally worn during Laylat Al-Ghumrah in Makkah?,West,0.9283,0.7618,0.5632,0.5622,0.5561
What is Al-Daqla in traditional men's formal wear in the Western Region?,West,0.887,0.7738,0.656,0.6523,0.6502
Which tailored long coat worn over the traditional thobe is iconic for men at formal Hijazi celebrations and national ceremonies?,West,0.9153,0.7341,0.6455,0.6317,0.601
What is Al-Sudairi in Western Saudi traditional male clothing?,West,0.8781,0.8422,0.8047,0.7637,0.7532
"What sleeveless vest is traditionally worn over the thobe by urban men in Makkah, Jeddah, and Madinah?",West,0.8695,0.6846,0.6758,0.6622,0.654
What is Al-Kufiyah Al-Baladi (or Kufiyat Al-Bafteh) in Western men's headwear?,West,0.8965,0.6983,0.6706,0.6573,0.6202
"What hand-embroidered, stiffened white cotton cap forms the base for winding the traditional Hijazi turban?",West,0.615,0.5972,0.583,0.543,0.5026
What was the traditional role of Al-Musahharati during Ramadan in old Hijazi neighborhoods?,West,0.8749,0.5901,0.5461,0.5442,0.5404
Which small handheld drum was traditionally struck by Al-Musahharati to wake residents for the pre-dawn Ramadan meal?,West,0.8712,0.6813,0.5178,0.4628,0.4576
How was drinking water traditionally cooled in Western Saudi homes before modern refrigerators?,West,0.8801,0.6658,0.5568,0.5393,0.5196
What small earthenware drinking flask was traditionally perfumed with mastic smoke and filled with chilled water in Hijazi houses?,West,0.9131,0.6289,0.5997,0.5721,0.5236
What varieties of aromatic mint are traditionally cultivated in the agricultural gardens of Madinah?,West,0.856,0.6617,0.5067,0.5012,0.4971
Which aromatic herb is famously harvested in the oases of Al-Madinah Al-Munawwarah and steeped in black tea pots for fragrance?,West,0.8965,0.7237,0.6334,0.6197,0.5886
What distinguishes the Rotana date cultivated in the farms of Al-Madinah Al-Munawwarah?,West,0.8306,0.7296,0.6738,0.6699,0.6423
Which succulent golden date of Al-Madinah is celebrated for being enjoyed fresh at the Rutab stage of ripeness?,West,0.9266,0.692,0.6645,0.578,0.5778
What makes the Anbarah date of Madinah one of the most prestigious date varieties?,West,0.8711,0.6359,0.6094,0.5898,0.5854
"Which rare, large-sized reddish-brown date cultivar of Madinah is recognized for its thick fleshy body and small pit?",West,0.6699,0.621,0.5871,0.5846,0.5464
What is Kabab Al-Meero in the traditional culinary heritage of Makkah and Jeddah?,West,0.858,0.6974,0.676,0.6433,0.6433
What whole-grain flour is mixed into ground mutton to bind traditional Hijazi Kabab Al-Meero meatballs?,West,0.8643,0.6356,0.5579,0.5269,0.5161
What is Al-Manzalah in the traditional cooking of Makkah and Jeddah?,West,0.8768,0.6617,0.6604,0.6512,0.6456
What creamy condiment forms the tangy braising sauce of authentic Hijazi Manzalah stew?,West,0.8862,0.6077,0.5972,0.5635,0.5612
What is Al-Ma'dous and during what weather is it traditionally cooked in Jeddah and Makkah?,West,0.8732,0.6624,0.6334,0.6089,0.6005
Which weather condition in coastal Hijaz traditionally prompts families to prepare the lentil-and-rice dish Al-Ma'dous?,West,0.9195,0.6589,0.5015,0.4965,0.4965
How is authentic Al-Mutabbaq prepared in Western Saudi food culture?,West,0.8895,0.6412,0.6043,0.6037,0.6034
Which fresh green allium vegetable is a vital traditional ingredient in savory minced meat Mutabbaq filling?,West,0.9154,0.5422,0.521,0.515,0.5001
What are Al-Ladu and Al-Labaniyah in the traditional confectioneries of Hijaz?,West,0.8613,0.719,0.6236,0.5986,0.5778
"Which traditional Hijazi confection is a soft white fudge prepared primarily from powdered milk, sugar syrup, cardamom, and rose water?",West,0.8466,0.6609,0.5986,0.5931,0.5727
What is Al-Harisah in the dessert tradition of Makkah?,West,0.8593,0.6672,0.6178,0.6178,0.611
What nut forms the principal base of the traditional baked sweet known as Al-Harisah Al-Makkiyah?,West,0.8475,0.69,0.6637,0.627,0.6145
What characterizes the traditional bread Al-Shuraik (or Ka'ak Al-Shuraik) in Al-Madinah Al-Munawwarah?,West,0.8899,0.5989,0.57,0.5563,0.5553
Which dark medicinal seed famously tops the traditional soft ring-shaped Shuraik bread of Al-Madinah?,West,0.8742,0.7095,0.6773,0.6389,0.5553
What is Daqqat Al-Madinah and how is it traditionally consumed?,West,0.8623,0.6224,0.6071,0.5999,0.596
What popular breakfast food is traditionally dipped into the authentic herbal spice mix Daqqat Al-Madinah?,West,0.8565,0.7688,0.6935,0.6855,0.6232
What is Gahwa Loz (White Almond Coffee) and what festive occasion does it celebrate in Western Saudi Arabia?,West,0.9186,0.7391,0.7355,0.6981,0.6802
On which Islamic occasion is the traditional sweet white drink Gahwa Loz prepared to welcome the new year with positivity?,West,0.8856,0.7355,0.6236,0.6069,0.5589
What is the customary social ritual of Al-Ta'meeq observed in Hijazi cities during Eid?,West,0.9117,0.6302,0.6159,0.6084,0.5513
What is the traditional morning protocol of visiting elders and kissing their hands to exchange Eid greetings in Hijaz called?,West,0.9099,0.6632,0.6344,0.6314,0.6167
What constitutes the traditional Hijazi post-Eid morning breakfast known as Al-Nowashif?,West,0.8826,0.6591,0.6554,0.6302,0.622
"What is the traditional assortment of dry goods, artisan cheeses, olives, and bread served during Eid breakfast in Hijaz called?",West,0.6659,0.654,0.6535,0.6402,0.6343
What is the traditional performing art Al-Bawardi in the Western highlands?,West,0.8617,0.7039,0.6751,0.6486,0.6418
Which traditional dance in Western Saudi Arabia involves synchronized firing of muzzle-loading muskets to the rhythm of drums?,West,0.9221,0.753,0.6922,0.6875,0.6438
What was Al-Baddan in the traditional maritime heritage of the Red Sea coast?,West,0.8375,0.7094,0.5505,0.5187,0.5092
Which traditional double-ended wooden boat was utilized by fishermen along the Red Sea coast for shallow reef fishing?,West,0.869,0.5903,0.5818,0.492,0.4376
What characterized the historic goldsmiths' souqs in Makkah Al-Mukarramah near the Grand Mosque?,West,0.7099,0.6585,0.6205,0.5958,0.5503
"What precious craft has historically flourished around the Grand Mosque in Makkah, crafting jewelry for arriving pilgrims?",West,0.829,0.7031,0.653,0.6394,0.5948
What is Al-Shabna in the social traditions of the Western Province?,West,0.759,0.5462,0.5342,0.5335,0.5279
During which Hijri month is the traditional pre-Ramadan familial feast Al-Shabna held across Western Saudi Arabia?,West,0.8998,0.6327,0.6327,0.6119,0.6099
What is the Makkan tradition of Al-Kholaf observed on the 9th day of Dhul-Hijjah (Day of Arafat)?,West,0.8972,0.6022,0.5353,0.5266,0.5198
What is the historical custom in Makkah where women and children populate the Grand Mosque while pilgrims stand at Arafat called?,West,0.922,0.6786,0.6307,0.6263,0.6253
What is Al-Shattah Al-Hijaziyah (or Sambal) and how is it used in regional gastronomy?,West,0.8457,0.5012,0.4967,0.4953,0.4941
Which pungent chili-based condiment seasoned with vinegar and garlic is ubiquitous on Hijazi dining tables?,West,0.8591,0.6372,0.5753,0.5454,0.5425
What traditional welcoming phrases and hospitality etiquette greet guests entering a Hijazi home?,West,0.8293,0.7201,0.7105,0.683,0.6711
Which traditional Arabic welcome phrase is iconic in Western Saudi homes to express that guests bring joy and honor?,West,0.9082,0.7838,0.7179,0.7135,0.7093
What is Ain Zubaida and what historical role did it play for pilgrims in Makkah?,West,0.7879,0.5366,0.5097,0.5036,0.501
Which historic aqueduct system built in the 8th century CE channeled freshwater across 30 kilometers to serve pilgrims in Makkah?,West,0.8816,0.5419,0.5365,0.5099,0.4895
What is Al-Aish Bil-Lahm in the traditional bakery heritage of Makkah and Jeddah?,West,0.8884,0.6566,0.6154,0.6044,0.5848
Which distinctive condiment topping is baked over minced lamb and leeks in authentic Hijazi Aish Bil-Lahm pie?,West,0.8721,0.6595,0.5235,0.5177,0.5095
Why is Jabal Al-Nour in Makkah revered in Islamic religious history?,West,0.7621,0.497,0.4888,0.4838,0.4808
Which historic cave located near the summit of Jabal Al-Nour witnessed the first revelation of the Quran?,West,0.8898,0.7667,0.6072,0.5481,0.506
What historical role did Ghar Thawr south of Makkah serve during the Prophet's Hijrah?,West,0.7769,0.614,0.5278,0.5268,0.5248
Which mountain cave south of Makkah provided shelter to Prophet Muhammad and Abu Bakr for three days during the Hijrah?,West,0.9069,0.7599,0.6361,0.6192,0.5736
Why is Masjid Al-Qiblatayn in Al-Madinah Al-Munawwarah named 'The Mosque of the Two Qiblas'?,West,0.8344,0.6733,0.6565,0.5811,0.5196
Which historic mosque in Madinah witnessed the divine command to change the prayer direction from Jerusalem to the Kaaba?,West,0.8882,0.653,0.5827,0.5778,0.4699
Why is Wadi Al-Aqiq known as the 'Blessed Valley' (Al-Wadi Al-Mubarak) in Madinah's history?,West,0.9207,0.8105,0.5598,0.5348,0.5321
Which celebrated river valley traversing Al-Madinah Al-Munawwarah is historically referred to as 'The Blessed Valley'?,West,0.9232,0.7938,0.608,0.6026,0.5722
What agricultural fruits are historically celebrated in the high-altitude orchards of Taif?,West,0.8655,0.7284,0.5749,0.4919,0.4636
Which seasonal fruit harvested across Taif's terraced orchards is celebrated annually with a dedicated agricultural festival?,West,0.8237,0.7901,0.5915,0.4887,0.4394
What is Al-Mantu in the adopted culinary landscape of the Western Region?,West,0.7732,0.6444,0.6269,0.6208,0.616
What traditional cooking method is utilized to prepare authentic Hijazi Mantu dumplings?,West,0.8669,0.5358,0.5242,0.5116,0.4774
How does Al-Formosa differ from Al-Mantu in Hijazi bakery heritage?,West,0.8651,0.5929,0.5416,0.5353,0.534
Which traditional minced meat stuffed pastry in Western Saudi Arabia is baked directly inside a clay tandoor oven?,West,0.9151,0.6183,0.6178,0.6078,0.6073
What architectural style characterizes the historic Kaki Palace (Qasr Al-Kaki) in Taif?,West,0.886,0.7291,0.5988,0.5771,0.5133
Which landmark palace in Taif erected in the 1920s is celebrated for combining local granite stone masonry with elaborate wooden Rawashin balconies?,West,0.9143,0.6612,0.6573,0.6096,0.513
What materials are traditionally carved by rosary craftsmen (Al-Kharrateen) in Makkah Al-Mukarramah?,West,0.9,0.6392,0.6384,0.6331,0.5727
Which rare black marine substance harvested from the Red Sea is traditionally carved into prayer beads (Misbaha) in Makkah?,West,0.9029,0.6174,0.5233,0.4919,0.4909
What historical role did the ancient seasonal markets of Dhu Al-Majaz and Al-Majannah play near Makkah?,West,0.9185,0.7065,0.5856,0.5782,0.5746
Which historic market served as the final commercial trading fair for pilgrims immediately prior to arriving at Arafat in Makkah?,West,0.9101,0.7015,0.6487,0.5856,0.5664
What is Al-Qahwah Al-Hilwah in Hijazi celebratory customs?,West,0.7235,0.6023,0.5886,0.5767,0.563
What whole spice bark forms the aromatic reddish base of traditional Hijazi Al-Qahwah Al-Hilwah?,West,0.8515,0.5624,0.5576,0.5434,0.5383
What are Al-Mahramah and Al-Mudawwarah in traditional Hijazi women's domestic attire?,West,0.897,0.688,0.658,0.6264,0.6215
What embroidered circular headband was traditionally pinned around the forehead over the white Mahramah scarf by Hijazi women?,West,0.8953,0.696,0.615,0.5947,0.5915
How did Bukhari Rice become an iconic traditional staple in the food culture of Western Saudi Arabia?,West,0.8984,0.6911,0.6419,0.6282,0.6228
Which shredded root vegetable is essential in giving authentic Hijazi Bukhari rice its distinctive sweetness and color?,West,0.9139,0.5786,0.5016,0.4914,0.4737
"Why is Souq Al-Nada historically recognized among the historic marketplaces of Al-Balad, Jeddah?",West,0.7918,0.7768,0.6811,0.6799,0.6143
In which historic commercial center of Jeddah is the century-old Souq Al-Nada located?,West,0.8781,0.7064,0.6743,0.6408,0.639
What physical skill and weapon define the traditional performing art of Al-Ta'sheer in Taif and the Western Region?,West,0.886,0.7256,0.7089,0.6923,0.6719
Which traditional martial leap dance involves discharging a spark flash from an antique matchlock gun beneath the performer's feet?,West,0.8709,0.5888,0.4884,0.4733,0.4388
What traditional percussion instrument commands the driving tempo of the Western folk art Al-Khabiti?,West,0.8749,0.6501,0.6448,0.6123,0.6048
What round wooden frame drum is primarily struck by ranks of drummers during a traditional Khabiti performance?,West,0.8989,0.6236,0.5177,0.5016,0.5004
What is Al-Saqdanah in the traditional sweet repertoire of Makkah and Jeddah?,West,0.8126,0.6541,0.6407,0.6014,0.5875
What starchy pearl ingredient forms the base of the chilled Hijazi pudding dessert Al-Saqdanah?,West,0.8864,0.6544,0.5357,0.5282,0.4879
What was the historical civic institution of At-Tawafah in Makkah Al-Mukarramah?,West,0.8449,0.5837,0.5487,0.5462,0.5449
What is the historical term for the hereditary guides responsible for accommodating and guiding international pilgrims in Makkah?,West,0.9039,0.6606,0.6444,0.6306,0.5846
What natural geological feature is Al-Lith Governorate known for in the southern Makkah Province?,West,0.8658,0.7523,0.6048,0.5827,0.5681
Which governorate in the southern coastal stretch of Makkah Province is celebrated for the hot mineral springs of Ain Al-Harrah?,West,0.9265,0.7548,0.5844,0.5391,0.5381
What historical role did Al-Qunfudhah serve along the southern Red Sea coast of the Western Region?,West,0.8213,0.642,0.5694,0.5667,0.5536
Which historic port town in the southwestern corner of Makkah Province is known for its Ottoman coastal citadel and historical Red Sea shipping role?,West,0.9072,0.5921,0.568,0.5537,0.5491
What is Umm Al-Qamari Island off the coast of Al-Qunfudhah famous for in Saudi Arabian natural heritage?,West,0.8577,0.6278,0.6114,0.6106,0.5983
Which avian species gave its name to the historic coral nature reserve island offshore from Al-Qunfudhah?,West,0.8597,0.666,0.4657,0.4519,0.4354
What was the economic prominence of Rabigh along the historic maritime and caravan routes of Hijaz?,West,0.8428,0.5037,0.5,0.4904,0.4824
Which coastal city situated halfway between Jeddah and Yanbu historically served as a critical caravan and maritime transit post?,West,0.9144,0.6125,0.5841,0.578,0.5705
Why is Al-Juhfah near Rabigh revered in Islamic pilgrimage rites?,West,0.8334,0.5133,0.5126,0.5092,0.5031
"Which historic Miqat station located near Rabigh is designated for pilgrims arriving from Egypt, the Levant, and North Africa?",West,0.8885,0.7069,0.4829,0.4714,0.4698
What architectural and historical landmark is located in Asfan north of Jeddah?,West,0.8337,0.6898,0.6865,0.6858,0.6563
What volcanic stone was primarily used to construct the hilltop defensive walls of Qal'at Asfan north of Jeddah?,West,0.9094,0.7446,0.6313,0.6305,0.5907
What agricultural and heritage role did the oasis of Khulais fulfill for the holy city of Makkah?,West,0.8836,0.7664,0.539,0.538,0.5364
Which fertile agricultural valley oasis north of Makkah historically served as a prime provider of fresh produce and dates to the holy city?,West,0.9317,0.7466,0.5756,0.557,0.557
Why is the Madinah Hijaz Railway Station (Al-Istasyoon) culturally significant in modern Saudi history?,West,0.8849,0.5634,0.5558,0.5538,0.5524
In which historic district of Al-Madinah is the restored Hejaz Railway Terminal and Museum situated?,West,0.8813,0.7528,0.6436,0.6288,0.5649
What remains of the Hijaz Railway infrastructure at Hegra (Mada'in Salih)?,West,0.8657,0.6197,0.6033,0.58,0.4261
Which transportation infrastructure from the early 20th century is preserved as an integral historical feature within the Hegra World Heritage site in Al-Ula?,West,0.9184,0.6311,0.605,0.5962,0.5948
What is the maritime folk dance known as Al-Ajal in Yanbu and the Western coast?,West,0.873,0.6401,0.6128,0.6077,0.6034
Which traditional coastal performing art in Yanbu Al-Bahr is performed in a circle to the melodies of the Simsimiyah lyre?,West,0.9063,0.6826,0.6771,0.6239,0.5621
What is Shi'r Al-Kasrah in the oral literary heritage of the Western Region?,West,0.8587,0.6134,0.5994,0.5752,0.5687
How many verses (Baytayn) typically constitute the traditional poetic unit of a Hijazi 'Kasrah'?,West,0.8384,0.4947,0.4899,0.4898,0.3785
What is Al-Hadri in the traditional poetic performances of the Hijazi interior?,West,0.8578,0.5814,0.5691,0.5623,0.553
Which vocal musical genre in Western Saudi Arabia is performed in formal majlis settings without any instrumental accompaniment?,West,0.9383,0.7588,0.6897,0.6866,0.6491
What were the legendary historic quarters (Harat) surrounding the Grand Mosque in historic Makkah?,West,0.8703,0.7839,0.634,0.6171,0.5638
Which celebrated historic quarter of Makkah was situated immediately adjacent to the southern perimeter of the Grand Mosque?,West,0.8641,0.7804,0.623,0.6163,0.5639
What was the traditional civic duty of Al-Farashah in the Two Holy Mosques in Makkah and Madinah?,West,0.8593,0.5673,0.545,0.5378,0.5223
"Which traditional hereditary service guild historically oversaw the cleaning, carpeting, and incense perfuming of the Grand Mosque?",West,0.7977,0.6064,0.5762,0.5287,0.4959
What is Korsi Al-Jaber in traditional Hijazi women's bridal jewelry?,West,0.8858,0.5795,0.5582,0.5462,0.544
"Which grand, multi-tiered gold bib necklace is an iconic centerpiece of traditional Hijazi bridal trousseaus?",West,0.6877,0.5556,0.5483,0.5223,0.5223
Why are Barni dates historically celebrated in Al-Madinah Al-Munawwarah?,West,0.8662,0.6769,0.6539,0.577,0.4958
Which golden date cultivar cultivated for over a millennium in Madinah's date groves is cited in early Arabic heritage literature?,West,0.9488,0.7202,0.673,0.6369,0.631
What physical characteristics define the Safawi date cultivar of Madinah?,West,0.8213,0.7224,0.6347,0.6236,0.5807
What distinctive color and shape characterize the popular Madinah date variety known as Safawi?,West,0.8326,0.7928,0.6437,0.607,0.5983
What is Khobz Al-Fetout in the traditional bakery traditions of Makkah and Madinah?,West,0.8456,0.6502,0.6385,0.6232,0.5928
Which aromatic seeds give traditional Hijazi Fetout bread its signature herbal fragrance and crust?,West,0.8313,0.6119,0.5594,0.5459,0.5414
What distinguishes the traditional preparation of Mulukhiyah in the Western Region?,West,0.8282,0.5676,0.5483,0.5232,0.5057
What aromatic sautéed garlic-and-coriander mixture is sizzled atop freshly cooked Hijazi Mulukhiyah?,West,0.8973,0.6063,0.5838,0.5429,0.5374
What wild mountain herbs are traditionally foraged along the rocky ridges of Al-Hada and Al-Shafa in Taif?,West,0.885,0.7955,0.5733,0.5678,0.5624
Which fragrant wild herb is foraged along the cliffs of Al-Shafa in Taif and used to infuse herbal tea infusions?,West,0.8757,0.7721,0.697,0.6597,0.6269
What agricultural heritage sustained the historic settlement of Badr through antiquity?,West,0.7497,0.4904,0.4888,0.4439,0.4084
What natural water feature historically supported the continuous date palm cultivation in Badr Oasis?,West,0.881,0.6138,0.5304,0.509,0.4682
Why is Najil fish (Coral Trout / Leopard Grouper) prized as the jewel of Red Sea coastal gastronomy in Jeddah and Yanbu?,West,0.89,0.7176,0.4902,0.456,0.4473
Which prized scarlet-colored coral reef fish is considered the culinary gold standard in Jeddah and Yanbu fish markets?,West,0.8929,0.7049,0.5115,0.4982,0.4952
What was the traditional fishing gear known as Al-Sihr (or Al-Mikhlaq) in Red Sea coastal fishing?,West,0.9144,0.6376,0.6166,0.5553,0.5497
What traditional net type was deployed across shallow Red Sea coral channels to intercept schooling fish on the falling tide?,West,0.9061,0.523,0.4401,0.419,0.4011
What traditional goods and spiritual souvenirs were historically purchased by pilgrims in Makkah and Madinah to bring home?,West,0.8862,0.6198,0.5958,0.5956,0.5635
Which precious mountain essence distilled in the Western Region has been a quintessential pilgrimage gift for centuries?,West,0.8238,0.5327,0.5158,0.5069,0.5067
What was the historical civic tradition of Al-Mu'ashsharat in old Jeddah and Makkah?,West,0.8056,0.5909,0.5883,0.5769,0.5736
What decorative lighting fixture was historically suspended over residential entryways and street intersections in old Hijazi towns?,West,0.8832,0.4973,0.4953,0.4746,0.4202
"In Saudi culture, which hand is traditionally used when eating?",General,0.8966,0.8215,0.7953,0.7002,0.6884
"In traditional Saudi culture, how is rice typically eaten?",General,0.8736,0.6944,0.5502,0.5445,0.5364
"In traditional Saudi culture, how do people shape the rice before eating it?",General,0.8707,0.7372,0.5372,0.518,0.4961
What are the common dining customs in Saudi Arabia?,General,0.805,0.6795,0.6735,0.6647,0.6597
What is the name of the drink that helps relieve stomach cramps?,General,0.7001,0.4996,0.3258,0.3036,0.2729
What is the name of the drink that helps relieve menstrual pain in women in Saudi Arabia?,General,0.8171,0.5406,0.5303,0.4951,0.4718
What are the main traditional dishes served during Ramadan in Saudi Arabia?,General,0.863,0.6847,0.6503,0.6081,0.6063
What is a common gesture of hospitality offered to guests in Saudi homes?,General,0.7591,0.7202,0.6636,0.6559,0.6506
What are the spices traditionally added before serving Saudi coffee?,General,0.8537,0.6168,0.6039,0.5993,0.5805
What distinguishes the attire of Saudi women in public?,General,0.8575,0.7131,0.6965,0.6542,0.6521
Do students in Saudi Arabia adhere to a uniform dress code?,General,0.9209,0.6568,0.6422,0.6103,0.5999
What is the traditional clothing for an Imam in Saudi Arabia?,General,0.8418,0.7097,0.6447,0.6417,0.6348
What is the traditional color of Saudi women's abayas?,General,0.8075,0.7248,0.67,0.6258,0.5915
Is it acceptable to wear an agal during a condolence gathering?,General,0.8666,0.3603,0.3375,0.3153,0.3094
What is the traditional clothing for Saudi women in the street?,General,0.8229,0.7685,0.7104,0.7079,0.6957
What does the gesture of raising the agal in front of an audience mean?,General,0.7889,0.5333,0.4883,0.4579,0.4552
"When two people meet in their cars and honk their horns, what does this gesture signify?",General,0.8176,0.4274,0.4226,0.4188,0.3956
What Arabic phrase is often used to express gratitude?,General,0.8569,0.6228,0.5862,0.55,0.5375
What is the second language taught in Saudi schools?,General,0.8407,0.6512,0.5837,0.5661,0.5396
What is the formal greeting in Saudi Arabia?,General,0.8763,0.7336,0.7291,0.7229,0.7176
What does the gesture of throwing the shemagh at another person signify?,General,0.7262,0.5134,0.4736,0.4378,0.4109
What does the gesture of shaking a coffee cup mean?,General,0.7498,0.6723,0.5992,0.5787,0.4917
What are the famous welcoming phrases in Saudi Arabia?,General,0.8224,0.7208,0.683,0.6662,0.6549
What does the gesture of snapping fingers while touching the thumb and index finger together signify?,General,0.7543,0.4719,0.4693,0.4462,0.4331
What Arabic phrase is used to express hope or intention for the future?,General,0.8356,0.5642,0.5605,0.4641,0.4468
What word is commonly used in Saudi Arabia when responding to a request as confirmation?,General,0.8198,0.6406,0.6183,0.5692,0.5525
On which day do most teachers in Saudi Arabia typically gather outside of work?,General,0.9175,0.5703,0.5668,0.5432,0.5211
What is the most popular communication method used by Saudis?,General,0.7949,0.5802,0.5728,0.5728,0.5699
What is the name of the traditional board game in Saudi Arabia?,General,0.8481,0.746,0.7201,0.7088,0.7045
What is a traditional musical instrument in Saudi Arabia?,General,0.8323,0.5872,0.5732,0.5656,0.5611
What is the traditional activity Saudis enjoy in winter?,General,0.8416,0.6469,0.6335,0.6102,0.6022
What is the name of the place where friends and families gather on occasions?,General,0.7179,0.5453,0.5417,0.5175,0.5115
What are the common traditions in Saudi Arabia on Fridays?,General,0.8436,0.7372,0.7259,0.6829,0.6438
What is the most commonly used type of fragrance in Saudi Arabia?,General,0.8174,0.608,0.5924,0.5825,0.5613
What is the tradition when the groom sees the bride for the first time?,General,0.7803,0.5352,0.4792,0.4641,0.4596
What items is the bride not required to buy from the money given by the groom?,General,0.792,0.4687,0.402,0.401,0.4
What is the traditional name for the bride’s night before the wedding?,General,0.7169,0.6197,0.5356,0.5259,0.5177
What is the concept of “association” among coworkers in Saudi Arabia?,General,0.8672,0.6109,0.5995,0.5959,0.5328
Where do children traditionally kiss their grandparents in Saudi culture?,General,0.903,0.6551,0.6519,0.6111,0.5941
Is it acceptable to stay in the host’s house after the host burns oud?,General,0.7949,0.6356,0.3999,0.3802,0.3727
What are the appropriate days to visit parents in Saudi culture?,General,0.8764,0.724,0.6011,0.5959,0.5925
What are the appropriate days to visit family and friends in Saudi Arabia?,General,0.8235,0.7462,0.6835,0.6669,0.6277
What are the main cities Saudis travel to in the summer?,General,0.7988,0.6058,0.5795,0.5551,0.5284
What is the most popular traditional medicine in Saudi Arabia?,General,0.8406,0.6007,0.5683,0.5661,0.5508
What illness is commonly treated using cauterization?,General,0.7044,0.5259,0.4571,0.4395,0.2342
What is a natural remedy that helps soothe throat inflammation in Saudi Arabia?,General,0.853,0.4293,0.4082,0.374,0.3637
What is referred to as the “mute doctor” in Saudi Arabia?,General,0.7712,0.4863,0.4857,0.4804,0.4663
Is education in Saudi Arabia mixed between genders?,General,0.9189,0.5877,0.5866,0.5687,0.5658
Do Saudi university students receive a stipend?,General,0.8345,0.4731,0.4599,0.4474,0.4378
What is the hidden reason behind arguments between friends or family at the cashier in Saudi Arabia?,General,0.8678,0.5524,0.5365,0.5337,0.5157
Which traditional Saudi Arabian game involves the use of a hat and is commonly played in social gatherings?,General,0.8538,0.6571,0.6533,0.6527,0.6506
What is the name of the traditional Saudi game that mimics football?,General,0.8565,0.6667,0.6609,0.6564,0.6489
What is the name of the traditional Saudi activity involving hunting trips with trained birds such as falcons?,General,0.8944,0.6134,0.5908,0.5621,0.5435
"What is one of the names of the traditional Saudi game ""Al-Barbar""?",General,0.8963,0.8181,0.7176,0.7114,0.7085
"What shape do players sit in during the game ""Tag Tag Tagia""?",General,0.8419,0.5588,0.4793,0.39,0.3503
"What activity is referred to as ""Al-Kashta"" in Saudi culture?",General,0.8622,0.8276,0.7258,0.7184,0.7039
"What shape does the ""Taraha"" take in Saudi traditional play?",General,0.8838,0.568,0.5136,0.5131,0.5041
"What is the name of the traditional game played by girls aged 5–9, similar to jumping rope?",General,0.9217,0.4893,0.476,0.4639,0.4444
What is the traditional Saudi game that begins with a draw to decide who will jump over others?,General,0.8716,0.6454,0.6253,0.6078,0.6001
"How is the game ""Jakom Al-Theeb"" played in Saudi Arabia?",General,0.8378,0.6713,0.6554,0.6357,0.6219
What traditionally dictates the color protocol of the official Saudi Mishlah (Bisht) worn on official occasions?,General,0.8694,0.8,0.7605,0.7015,0.6911
What is traditionally applied to the hands before weddings in some Saudi regions?,General,0.8848,0.6937,0.6522,0.644,0.6419
What is the name of the small door within a large door used for entry without opening the entire door?,General,0.7633,0.5005,0.4247,0.4177,0.4067
What is the name of the traditional Saudi window or wooden covering that extends outward?,General,0.847,0.6448,0.5763,0.5563,0.5551
What is the name of the traditional Saudi door made from a single panel of wooden planks?,General,0.8661,0.6792,0.6579,0.6133,0.5556
"In which month does the traditional role of the ""Musaharati"" typically take place in Islamic culture?",General,0.8616,0.5266,0.4638,0.4424,0.4383
When is the Eid Al-Fitr prayer performed in the Islamic Hijri calendar?,General,0.8508,0.5673,0.4953,0.483,0.4771
"What does the phrase ""Sammu"" mean in Saudi culture?",General,0.8489,0.6661,0.5791,0.5575,0.5369
What is the night of marriage called in Saudi Arabia?,General,0.7986,0.614,0.6072,0.5978,0.5927
"What distinguishes ""Al-Mas’houb"" in Saudi folk poetry?",General,0.8886,0.5824,0.5486,0.5336,0.5305
What is the primary characteristic of the poetic dialogue (Al-Muhawara) in Saudi Arabia?,General,0.8834,0.7327,0.6568,0.6218,0.5952
How many points must one team score to win in the game of Baloot?,General,0.8251,0.7029,0.549,0.3569,0.3376
"What preparations are made for birds in ""Al-Miqnas"" (hunting trips)?",General,0.8676,0.5991,0.3754,0.3541,0.3538
"When is the game ""Al-Dananeh"" typically played?",General,0.8402,0.5139,0.4705,0.4505,0.4362
What is the name of the traditional Saudi game that relies on intuition and quick wit?,General,0.8806,0.6657,0.6388,0.6311,0.6195
"How many small stones and slots are used in the game ""Al-Huwaila""?",General,0.8947,0.5447,0.4656,0.4558,0.4
"What is the ""Raya Al-Ardah Al-Saudia"" (Saudi Ardah Flag)?",General,0.841,0.5808,0.5801,0.5549,0.5462
"The palm tree is a significant symbol in Saudi culture, representing various values. Which of the following are true?",General,0.8175,0.7732,0.7424,0.6417,0.6311
Which of the following names are derived from the aesthetic significance of a long and well-shaped nose in Saudi cultural heritage?,General,0.8857,0.5669,0.5599,0.553,0.5514
What are the names of parts of stone houses in Saudi Arabia?,General,0.8187,0.6874,0.637,0.6231,0.6179
"What are the traditional building methods used in constructing heritage houses, walls, and towers in Saudi Arabia?",General,0.889,0.646,0.6042,0.5889,0.5691
"Where is the traditional ""Bab Bosaer"" door commonly used in Saudi Arabia?",General,0.887,0.7298,0.5805,0.5617,0.5329
Which of the following are traditional Saudi palm frond crafts?,General,0.8473,0.7087,0.6721,0.6405,0.6196
What are the main uses of gypsum in traditional Saudi construction?,General,0.8572,0.5612,0.5325,0.5001,0.4944
What historical event does Saudi Founding Day (Yawm Al-Ta'sees) commemorate on February 22?,General,0.9033,0.7311,0.7189,0.5839,0.5572
"Which historic ruler founded the First Saudi State in 1727 CE, commemorated on Saudi Founding Day?",General,0.8034,0.7616,0.6416,0.6193,0.5513
What historical milestone is celebrated on Saudi National Day on September 23?,General,0.8363,0.7165,0.6816,0.6221,0.6062
In which year was the royal decree issued unifying the country under the name Kingdom of Saudi Arabia?,General,0.8329,0.6244,0.6209,0.5929,0.5561
What is commemorated on Saudi Flag Day (Yawm Al-Alam) on March 11?,General,0.8894,0.7157,0.682,0.5883,0.5828
Why is the national flag of Saudi Arabia legally prohibited from being flown at half-mast during official mournings?,General,0.92,0.5519,0.5291,0.4723,0.4493
What symbols comprise the official National Emblem of the Kingdom of Saudi Arabia?,General,0.8593,0.6691,0.6571,0.6558,0.5899
What values are symbolized by the two crossed swords in the Saudi National Emblem?,General,0.8488,0.7619,0.5784,0.5419,0.5234
What does the date palm tree represent in the official National Emblem of Saudi Arabia?,General,0.8629,0.7533,0.7401,0.6119,0.6069
What does the central palm tree in the Saudi national emblem represent?,General,0.8131,0.7322,0.7316,0.6233,0.6168
Why did the Saudi Ministry of Culture designate the year 2022 as the 'Year of Saudi Coffee'?,General,0.8855,0.8799,0.8229,0.6868,0.68
Which year was officially designated by the Saudi Ministry of Culture as the 'Year of Saudi Coffee'?,General,0.8823,0.8399,0.8117,0.7323,0.7015
What was celebrated during the 'Year of the Camel' (2024) initiative in Saudi Arabia?,General,0.8701,0.8227,0.6706,0.6361,0.6161
Which national cultural year was proclaimed in Saudi Arabia for the year 2024?,General,0.8461,0.7635,0.7589,0.7534,0.7077
When and how was Saudi coffee culture recognized by UNESCO?,General,0.8911,0.7478,0.7331,0.7076,0.6963
In which year was the social practice of serving traditional coffee inscribed by UNESCO as Intangible Cultural Heritage?,General,0.9402,0.8218,0.594,0.5343,0.5296
Who authored the poetic lyrics of the official Saudi National Anthem (Aash Al-Malik)?,General,0.8639,0.7696,0.5801,0.5663,0.5596
Which celebrated Saudi poet wrote the official lyrics for the Saudi National Anthem?,General,0.8416,0.7775,0.6288,0.5836,0.5405
Why is Uruq Bani Ma'arid Reserve significant as a UNESCO World Heritage site?,General,0.8475,0.6748,0.4601,0.4586,0.4443
Which desert sanctuary was inscribed as Saudi Arabia's first UNESCO Natural World Heritage site in 2023?,General,0.9114,0.7619,0.6716,0.6101,0.6079
What role did Saudi Arabia lead in the UNESCO inscription of Arabic calligraphy in 2021?,General,0.8937,0.8581,0.6909,0.6435,0.6417
In which year was Arabic calligraphy inscribed on the UNESCO Intangible Cultural Heritage list under a Saudi-led initiative?,General,0.927,0.8336,0.6982,0.6831,0.6299
What is Al-Heda'a and when was it inscribed by UNESCO as shared cultural heritage?,General,0.809,0.5745,0.5693,0.5182,0.5151
Which oral pastoral heritage practice of communicating with camel herds was inscribed by UNESCO in 2022?,General,0.9171,0.5859,0.5557,0.5269,0.4981
Which traditional dish was officially declared the 'National Dish of the Kingdom of Saudi Arabia' by the Culinary Arts Commission?,General,0.8289,0.7995,0.6847,0.6793,0.6394
Which heritage dish was officially designated as the Saudi National Dish in 2023?,General,0.9067,0.7954,0.6205,0.6201,0.6188
Which traditional sweet was officially designated as the 'National Dessert of Saudi Arabia' in 2023?,General,0.8653,0.7403,0.6616,0.6517,0.5979
Which traditional pan-baked dessert drizzled with honey and ghee was named the official National Dessert of Saudi Arabia?,General,0.9032,0.7759,0.6757,0.6265,0.6095
How does the official Saudi Royal Protocol dictate the color of the Mishlah (Bisht) worn by days of the week?,General,0.9011,0.8638,0.7665,0.6973,0.6189
"According to official Saudi dress protocol, what color of Bisht is designated to be worn on Fridays?",General,0.8294,0.8135,0.8081,0.802,0.723
What color of Bisht is worn on Tuesdays according to official Saudi ceremonial protocol?,General,0.8613,0.8097,0.8049,0.7702,0.6982
What color of Bisht is designated for official wear on Sundays in Saudi protocol?,General,0.8562,0.8403,0.8171,0.8158,0.7163
What structural tailoring features define the traditional Saudi men's Thobe?,General,0.8559,0.7538,0.6485,0.5889,0.5841
What accessory is traditionally used to fasten double-cuffed sleeves on a formal Saudi thobe?,General,0.9156,0.6773,0.5427,0.4984,0.4878
What distinguishes the Shemagh from the Ghutra in traditional Saudi men's headdress?,General,0.8402,0.5982,0.5888,0.5829,0.5818
What color pattern characterizes the classic Saudi Shemagh?,General,0.7866,0.664,0.6632,0.6524,0.626
What materials and construction constitute the traditional Saudi Iqal?,General,0.7456,0.6818,0.6448,0.6434,0.614
What natural animal fiber is traditionally wrapped around the outer cord of a black Saudi Iqal?,General,0.831,0.6902,0.5175,0.5035,0.4726
What social message is communicated in Saudi majlis etiquette when burning agarwood (Oud) is circulated?,General,0.8719,0.6679,0.6329,0.5933,0.5741
What does the circulation of burning oud incense at the end of a formal Saudi gathering traditionally signify to guests?,General,0.9071,0.7769,0.6938,0.6731,0.6644
What non-verbal gesture indicates to the coffee server (Al-Mubashir) that a guest has had sufficient coffee?,General,0.8506,0.6954,0.6368,0.5927,0.5788
What physical motion signals that a guest does not wish to have a refill of Saudi coffee?,General,0.8011,0.6571,0.6063,0.5604,0.5601
Why is a cup of Saudi coffee poured only one-third to one-half full rather than completely filled?,General,0.7961,0.7122,0.6801,0.4991,0.4965
How full is a traditional handleless Finjan poured when serving Saudi coffee to an esteemed guest?,General,0.9077,0.7958,0.6795,0.6327,0.6173
What do the four traditional cups of coffee represent in Saudi tribal hospitality?,General,0.841,0.6862,0.6833,0.6435,0.6351
Which cup of coffee is poured and drunk by the host himself before offering coffee to guests?,General,0.817,0.6096,0.5683,0.5517,0.5472
What is the customary three-day rule of hospitality ('Dhiyafat Al-Thalathah') in traditional Saudi society?,General,0.9302,0.7773,0.658,0.6134,0.6127
How many days is a host traditionally obligated to provide unconditional hospitality to an arriving traveler under customary Saudi etiquette?,General,0.9222,0.7945,0.6432,0.6352,0.6324
What is Baloot and what cultural status does it hold in Saudi Arabia?,General,0.7985,0.584,0.5831,0.5814,0.5771
How many players participate in a standard match of Baloot?,General,0.834,0.5907,0.5197,0.5195,0.5072
What target score must a team achieve to win a game of Baloot (Al-Sanj)?,General,0.8781,0.6888,0.4879,0.4032,0.392
What card suits are utilized in the traditional play of Baloot?,General,0.8588,0.5702,0.4001,0.3931,0.3409
What is Al-Kashta in contemporary and traditional Saudi leisure culture?,General,0.8622,0.8426,0.7339,0.7133,0.6684
During which season is Al-Kashta (desert camping) predominantly enjoyed across Saudi Arabia?,General,0.9202,0.8127,0.7786,0.7584,0.6627
What is Al-Muhawara (or Raddiyat) in Saudi performing arts?,General,0.8808,0.647,0.6294,0.6231,0.6182
What is the musical and vocal role of the two facing rows of men (Al-Safain) during a poetic Muhawara performance?,General,0.9208,0.6906,0.5553,0.5285,0.5203
What was the folk medical role of cauterization (Al-Kayy) in traditional Saudi healthcare?,General,0.8795,0.7757,0.6892,0.4911,0.4907
What traditional Arabic medical maxim governed the application of cauterization in folk healing?,General,0.9029,0.7474,0.6596,0.5123,0.4324
What historical role does purebred Arabian horse breeding hold in Saudi national heritage?,General,0.886,0.6805,0.6673,0.6088,0.5416
Which official center preserves the pedigrees of indigenous Arabian horses of King Abdulaziz's foundation stock?,General,0.8997,0.7248,0.6293,0.6169,0.4641
What is Al-Kabsa and what status does it hold in Saudi food culture?,General,0.8629,0.6437,0.6431,0.6402,0.6342
Which dried citrus fruit is essential in flavoring authentic Saudi Kabsa broth?,General,0.8844,0.5441,0.4909,0.4895,0.4848
What health and cultural role does fresh camel milk (Haleeb Al-Ibil) hold in Saudi pastoral life?,General,0.9197,0.7502,0.6955,0.657,0.5589
How is camel milk traditionally enjoyed in desert encampments across Saudi Arabia?,General,0.8636,0.7582,0.6999,0.6835,0.5921
What is the King Abdulaziz Falconry Festival organized by the Saudi Falcons Club?,General,0.8033,0.7068,0.544,0.5158,0.4891
Which world record does the King Abdulaziz Falconry Festival hold?,General,0.8205,0.7604,0.445,0.3842,0.3726
What is the cultural and conversational meaning of the Saudi gesture and phrase 'Ala Khashmi' (On my nose)?,General,0.93,0.7559,0.609,0.5772,0.5714
What physical gesture traditionally accompanies the Saudi phrase 'Ala Khashmi' to pledge willing fulfillment of a request?,General,0.8713,0.7861,0.5944,0.5798,0.5695
"What is the customary filial gesture shown toward parents, grandparents, and elders when greeting them in Saudi culture?",General,0.9026,0.7419,0.7247,0.6925,0.6861
Where do family members traditionally kiss parents and venerable elders to show highest reverence during greetings?,General,0.8753,0.6297,0.6292,0.5876,0.561
How is Zakat Al-Fitr traditionally fulfilled in Saudi communities at the conclusion of Ramadan?,General,0.8171,0.5467,0.5214,0.5074,0.5047
What traditional volumetric measure of foodstuff (approximately 2.5 to 3 kg) is distributed per person for Zakat Al-Fitr?,General,0.91,0.5257,0.4908,0.4584,0.407
Where is the National Museum of Saudi Arabia located and what does it chronicle?,General,0.8182,0.76,0.7198,0.7179,0.7074
In which historic quarter of Riyadh is the National Museum of Saudi Arabia situated?,General,0.8271,0.8157,0.7347,0.7056,0.6727
How did the traditional leather Qirbah naturally chill drinking water across the arid regions of Saudi Arabia?,General,0.9268,0.5954,0.5649,0.5428,0.5283
What physical phenomenon kept well water cold inside traditional tanned goatskin bags (Al-Qirbah)?,General,0.862,0.6697,0.4496,0.4258,0.4224
Why was the interior central courtyard (Al-Hawsh / Al-Fina') the architectural heart of traditional Saudi residences?,General,0.9136,0.679,0.6399,0.6298,0.6277
What primary climatic function did the central open courtyard serve in traditional Saudi domestic architecture?,General,0.8742,0.8223,0.6245,0.617,0.6103
What does the Saudi praise phrase 'Kaffaytu wa Waffaytu' express when addressed to a person?,General,0.8716,0.62,0.6145,0.599,0.5799
What initiative did the Fashion Commission launch to preserve regional historical identity on Saudi Founding Day?,General,0.8519,0.8517,0.6264,0.5987,0.5932
Which official commission published the authentic historical dress guides for celebrating Saudi Founding Day?,General,0.8538,0.7002,0.6121,0.5839,0.5632
Why was sun-dried mud brick universally used in vernacular residential architecture across the kingdom's interior?,General,0.8534,0.5573,0.504,0.468,0.4537
What thermal property made thick mud-brick walls ideal for the harsh desert climate of Saudi Arabia?,General,0.877,0.6948,0.6134,0.5497,0.5318
What is the customary sequence observed when presenting dates and coffee to guests in authentic Saudi hospitality?,General,0.8058,0.7638,0.7036,0.6635,0.648
"In authentic Saudi majlis etiquette, which item is traditionally offered to the guest first?",General,0.608,0.6071,0.5999,0.5995,0.5994
What is Al-Iqt (also known as Al-Madheer or Al-Baqt) in Saudi food heritage?,General,0.8906,0.6626,0.6306,0.6225,0.6186
What grooved imprint is traditionally visible on sun-dried biscuits of Al-Iqt?,General,0.8262,0.5028,0.4606,0.4474,0.4373
How is authentic Al-Samn Al-Barri (Saudi Clarified Butter) traditionally made?,General,0.9046,0.6556,0.5701,0.5281,0.5216
What aromatic plant or roasted grain is traditionally simmered with butterfat to clarify and flavor Al-Samn Al-Barri?,General,0.8909,0.7273,0.6082,0.5541,0.5384
What social ritual characterizes Friday afternoons across Saudi households?,General,0.8528,0.7272,0.6861,0.6854,0.6353
When does the traditional weekly multi-generational family banquet customarily take place in Saudi society?,General,0.8836,0.71,0.6593,0.6576,0.6457
What is the customary farewell blessing 'Fi Amanillah' spoken when departing from Saudi company?,General,0.8513,0.7539,0.5608,0.5488,0.5302
Which traditional Arabic farewell blessing entrusts a departing guest to divine guardianship in Saudi society?,General,0.8658,0.6929,0.6687,0.6078,0.5645
What is the heritage preservation craft of Kanz Al-Tamr practiced across date-producing regions in Saudi Arabia?,General,0.8436,0.6274,0.6211,0.6143,0.601
What method was historically used to extract air and induce natural syrup glazing during traditional date packing (Al-Kanz)?,General,0.9112,0.4466,0.4335,0.406,0.3521
How is the traditional children's folk game Tag Tag Taqia played in Saudi Arabia?,General,0.8423,0.7566,0.7385,0.5864,0.5724
In what seating formation do children sit during the traditional Saudi game Tag Tag Taqia?,General,0.8886,0.7081,0.6421,0.5261,0.5203
What is Al-Barbar (or Umm Al-Khutoot) in traditional Saudi girls' games?,General,0.8825,0.7739,0.6557,0.6041,0.5899
What physical motion is executed by players maneuvering through the etched sand grid in the game Al-Barbar?,General,0.8536,0.5811,0.4296,0.4262,0.4172
What are the five foundational ancestral strains (Al-Khamsah) of purebred Arabian horses in Saudi heritage?,General,0.9098,0.7624,0.6948,0.6052,0.5421
Which purebred Arabian horse strain is traditionally celebrated for supreme stamina and military strength in desert cavalry heritage?,General,0.9343,0.6894,0.6707,0.5615,0.5049
Why does traditional Saudi dining etiquette mandate eating exclusively with the right hand?,General,0.9425,0.8978,0.8117,0.6509,0.5993
"In Saudi culture, which hand is strictly used to receive cups of coffee and partake in communal dining platters?",General,0.7797,0.744,0.7142,0.6981,0.6836
What is Al-Shoufah Al-Shar'iyyah in Saudi marriage customs?,General,0.8563,0.5959,0.5398,0.5322,0.5286
Who must be present during the traditional pre-marital viewing (Al-Shoufah) in Saudi customary practice?,General,0.8361,0.6473,0.6101,0.5928,0.5911
What items are traditionally assembled in Al-Jihaz (the bridal trousseau) across Saudi regions?,General,0.9006,0.7319,0.6053,0.5957,0.5884
What is the traditional name given to the wedding trousseau and personal wardrobe assembled for a bride in Saudi Arabia?,General,0.8477,0.7001,0.6348,0.6335,0.6242
How is the tabletop strike-and-pocket game Carrom (Keram) played in Saudi family majalis?,General,0.9044,0.6414,0.5886,0.5844,0.5821
What powder is traditionally sprinkled over the wooden board to reduce friction in the game of Carrom (Keram)?,General,0.8638,0.5775,0.396,0.3839,0.3616
What is celebrated during the 'Year of Handicrafts' (2025) designated by the Saudi Ministry of Culture?,General,0.8438,0.8114,0.7159,0.6691,0.6581
Which national cultural year was designated for the year 2025 in Saudi Arabia?,General,0.8395,0.822,0.7794,0.7639,0.7203
Why was 2023 designated as the 'Year of Arabic Poetry' by the Saudi Council of Ministers?,General,0.8876,0.7984,0.6415,0.6246,0.6198
Which cultural theme was officially designated for the year 2023 in Saudi Arabia?,General,0.8678,0.7593,0.7194,0.7039,0.6912
What acoustic sound and poetic meter is traditionally accompanied by the Rababah instrument?,General,0.8749,0.7039,0.6428,0.4855,0.4734
Which poetic meter of Nabataean poetry is famously performed to the dragging sound of the Rababah?,General,0.9059,0.7579,0.4921,0.4519,0.4421
What climatic and cultural significance does the sighting of the Suhail star (Canopus) hold in Saudi tradition?,General,0.8892,0.68,0.5259,0.4806,0.473
Which astronomical star's appearance in late August traditionally signals the end of extreme summer heat in Saudi Arabia?,General,0.9295,0.6894,0.4878,0.4863,0.4823
What is the Al-Wasm season and why is it celebrated across Saudi Arabia?,General,0.8558,0.669,0.6364,0.6306,0.626
Why are rains occurring during the autumn season of Al-Wasm highly prized by Saudis?,General,0.7808,0.7578,0.5698,0.5342,0.5148
What is Al-Muraba'aniyah in the traditional Saudi climatic calendar?,General,0.8702,0.664,0.6299,0.6123,0.6111
How many days does the traditional severe winter period known as Al-Muraba'aniyah last?,General,0.8955,0.804,0.472,0.4648,0.4512
How did traditional Saudi farmers and nomads calculate agricultural and travel schedules before modern meteorology?,General,0.8891,0.5166,0.4789,0.4773,0.4763
How many lunar mansions (Tawale') form the basis of the traditional Arabian indigenous astronomical calendar?,General,0.9169,0.5726,0.5026,0.4519,0.4404
What is the King Abdulaziz Center for World Culture (Ithra) and where is it located?,General,0.8758,0.7205,0.5643,0.562,0.5543
Near which historic oil well is the King Abdulaziz Center for World Culture (Ithra) situated in Dhahran?,General,0.9204,0.8232,0.5627,0.5561,0.5526
How does the Saudi Ministry of Culture organize the preservation and development of national heritage?,General,0.8229,0.6764,0.6396,0.6144,0.6003
How many specialized cultural sector commissions operate under the Saudi Ministry of Culture?,General,0.881,0.7075,0.5683,0.5551,0.5304
What is the Knoz (Treasures) Initiative launched under Saudi Vision 2030?,General,0.884,0.7555,0.5123,0.5012,0.4971
Which governmental entity launched the 'Knoz' documentary initiative to showcase Saudi cultural treasures to the world?,General,0.9443,0.8664,0.6614,0.6204,0.6108
How does the Kingdom of Saudi Arabia legally safeguard its archaeological and historical treasures?,General,0.8228,0.7169,0.6515,0.6132,0.6035
What official database catalogues and legally shields all archaeological and heritage locations across Saudi Arabia?,General,0.9153,0.7051,0.7049,0.7004,0.642
What marine heritage initiatives does the Heritage Commission lead along the Red Sea and Arabian Gulf coasts?,General,0.8126,0.5488,0.5248,0.5085,0.4798
Which specialized department within the Heritage Commission surveys submerged ancient shipwrecks and sunken ports?,General,0.8979,0.6865,0.4393,0.4328,0.4181
What historic significance did pilgrim roads (Duroob Al-Hajj) hold in integrating the regions of Saudi Arabia?,General,0.8971,0.6912,0.6308,0.5892,0.5734
Which ancient pilgrim highway linked Kufa in Mesopotamia across northern and central Saudi Arabia directly to Makkah?,General,0.9215,0.6627,0.5826,0.5359,0.5243
What was the ancient Incense Route that spanned the length of western and southern Saudi Arabia?,General,0.8439,0.6962,0.5741,0.5605,0.548
What valuable aromatic goods gave the ancient Arabian Incense Route its name?,General,0.8383,0.679,0.5489,0.5171,0.5023
Why is the Al-Hasawi Bisht renowned as the gold standard of formal cloaks across Saudi Arabia?,General,0.8252,0.582,0.5757,0.5629,0.5608
Which Saudi oasis is internationally famous for master artisans who hand-embroider the gold-thread trim of royal bishts?,General,0.91,0.6105,0.5956,0.5707,0.5703
What is Al-Daqla and on what formal occasions is it worn in Saudi Arabia?,General,0.8588,0.6499,0.5946,0.5906,0.5862
Which traditional tailored coat is worn over the thobe during the Saudi Ardah and national celebrations?,General,0.9069,0.7202,0.6966,0.6325,0.6324
What visual diversity characterizes traditional Saudi women's embroidery across the regions?,General,0.8913,0.7047,0.6932,0.6541,0.6516
Which region's traditional women's dresses are renowned for vibrant geometric wall-art matching patterns (Al-Qatt)?,General,0.8704,0.6995,0.6247,0.5627,0.5573
What is the cultural concept of Al-Faz'a in Saudi tribal and communal values?,General,0.8917,0.656,0.6335,0.6222,0.5986
What traditional Saudi term embodies the chivalrous obligation to rush immediately to assist someone in urgent need?,General,0.8812,0.542,0.5271,0.5121,0.5057
What was the nomadic mutual-aid custom of Al-Maniha (or Al-Manoohe)?,General,0.8414,0.4942,0.4926,0.4815,0.4736
What is gifted or loaned for temporary milk consumption under the traditional Saudi custom of Al-Maniha?,General,0.9007,0.7086,0.6547,0.6258,0.5975
What did Al-Jiwar (Neighborly Protection) signify in customary Arabian ethics?,General,0.8627,0.5399,0.5327,0.53,0.5216
What status was conferred upon someone who entered under the traditional tribal covenant of Al-Jiwar?,General,0.7257,0.7242,0.4938,0.4841,0.4187
What is Al-Jaha in traditional Saudi dispute resolution and tribal reconciliation?,General,0.8957,0.7101,0.5711,0.5476,0.5376
What is the delegation of elders that intercedes to mediate and reconcile serious feuds in Saudi society called?,General,0.9172,0.6475,0.5755,0.5333,0.5298
What is the meaning of the common Saudi hospitality proverb 'Al-Jood min Al-Majood'?,General,0.8691,0.6143,0.6117,0.5834,0.5684
Which proverb affirms that true generosity consists of offering whatever resources are at hand with warmth?,General,0.8595,0.5191,0.3918,0.3584,0.3504
What does the Saudi family proverb 'Al-Dhafari ma yetla' min Al-Lahm' (The fingernail does not separate from the flesh) signify?,General,0.9114,0.7763,0.5182,0.4862,0.4549
Which anatomical metaphor is invoked in the Saudi proverb emphasizing that family ties are unbreakable?,General,0.8825,0.7493,0.4597,0.4342,0.431
What four traditional baking surfaces represent the regional bread traditions across the Kingdom?,General,0.8513,0.6005,0.4847,0.4809,0.4574
Which traditional breadmaking method places the dough directly under hot wood embers and clean sand?,General,0.7543,0.5165,0.3526,0.3366,0.33
What agricultural status does date palm cultivation hold in Saudi Arabia?,General,0.8064,0.7521,0.6633,0.6196,0.6053
Approximately how many date palm trees are cultivated across the agricultural oases of Saudi Arabia?,General,0.8711,0.8093,0.5793,0.5684,0.5675
What role does the National Center for Palms and Dates (NCPD) fulfill in Saudi agriculture?,General,0.8931,0.66,0.5967,0.5833,0.5791
What official quality certification is awarded by the National Center for Palms and Dates to guarantee superior Saudi date exports?,General,0.8675,0.6625,0.6089,0.5557,0.5388
Why is wild mountain and desert honey (Asal Al-Sidr and Asal Al-Samr) prestigious in Saudi culture?,General,0.9028,0.6855,0.5801,0.578,0.571
Which indigenous thorny tree's blossoms produce the most sought-after and expensive medicinal honey in Saudi Arabia?,General,0.8952,0.7416,0.5248,0.5086,0.5067
What is the traditional Saudi technique of smoking and flavoring clarified butter (Samn) called?,General,0.8848,0.6918,0.5505,0.541,0.5182
What object is traditionally superheated in fire and dropped into churning butterfat to create smoked Samn (Radifah)?,General,0.8656,0.6853,0.5289,0.5264,0.4152
How was lean meat historically preserved across Saudi Arabia prior to modern refrigeration?,General,0.9102,0.5215,0.5118,0.5116,0.5113
What natural elements were harnessed to preserve meat into Al-Qadid across the Arabian Peninsula?,General,0.836,0.6949,0.5139,0.4996,0.4965
What distinguishes the two celebrated varieties of desert truffles (Al-Faq'a) foraged in Saudi Arabia?,General,0.8619,0.7666,0.6136,0.6,0.5875
"What color is the highly prized, large desert truffle known as Al-Zubaidi?",General,0.7644,0.5906,0.4789,0.4744,0.4664
What wild herbs are traditionally foraged from valleys across the Kingdom to infuse into black tea?,General,0.8301,0.653,0.5231,0.4749,0.4574
Which wild aromatic desert herb is famously brewed in winter campfires to give black tea an earthy fragrance?,General,0.8603,0.6277,0.5363,0.4929,0.4776
What premium varieties of agarwood (Oud) are prized for burning in Saudi majalis?,General,0.8673,0.5962,0.5658,0.5603,0.5477
"Which type of imported natural agarwood (Oud) is known for its sweet, cool smoke and popularity in formal Saudi receptions?",General,0.7812,0.6555,0.6295,0.6233,0.6135
What are Al-Burqa and Al-Mangalah in the equipment of a Saudi falconer (Al-Saqqar)?,General,0.8567,0.5433,0.5213,0.5006,0.4989
What is the padded leather glove upon which a trained hunting falcon perches on the falconer's arm called?,General,0.8757,0.517,0.4026,0.3742,0.3658
What is the historical role of the Arabian Saluki hound in traditional desert hunting?,General,0.8674,0.685,0.478,0.4679,0.4656
Which ancient sighthound breed was traditionally bred by Arabian nomads to run down desert hares and gazelles?,General,0.9056,0.6704,0.4942,0.4671,0.4632
What is Al-Mawal in the vocal performing heritage of Saudi Arabia?,General,0.8479,0.6695,0.6032,0.6003,0.5961
What characterizes the performance of a traditional vocal Mawal?,General,0.7575,0.6924,0.5489,0.4349,0.3991
What is Al-Ta'sheer and how is it executed in Saudi martial folklore?,General,0.8889,0.6713,0.5812,0.5619,0.5521
Which traditional Saudi celebratory martial art involves acrobatic leaps while firing blank powder charges beneath the performer's feet?,General,0.9149,0.6355,0.526,0.5095,0.4907
What was the technological genius of ancient gravity water systems (Aflaj / Qanawat) across Saudi Arabia?,General,0.8264,0.6786,0.5314,0.4533,0.4394
What physical force powered the ancient Falaj systems transporting water across Saudi oases?,General,0.7949,0.5594,0.4696,0.4684,0.4123
How did indigenous architecture in Saudi Arabia harmoniously reflect regional geology?,General,0.903,0.6873,0.6519,0.6343,0.6289
Which indigenous building material dominated traditional residential construction in coastal Red Sea ports like Historic Jeddah and Yanbu?,General,0.8396,0.5824,0.5702,0.4976,0.4793
What is the primary mission of the King Abdulaziz Foundation for Research and Archives (Darah)?,General,0.8665,0.7235,0.6841,0.5507,0.5362
Which national institution in Riyadh is the primary authority for documenting and archiving Saudi history and heritage?,General,0.9022,0.7349,0.7153,0.6996,0.6845
What is Saudipedia and what role does it serve in the national cultural ecosystem?,General,0.8236,0.7155,0.6412,0.6285,0.6016
Which official digital platform serves as the verified national cultural and informational encyclopedia of Saudi Arabia?,General,0.879,0.7062,0.6571,0.6453,0.6375
How does Saudi Vision 2030 bridge ancient handicrafts with the modern creative economy?,General,0.8828,0.6131,0.5989,0.5792,0.5752
"What traditional Bedouin weaving craft is frequently re-imagined in modern Saudi architecture, logos, and luxury fashion design?",General,0.8455,0.698,0.6852,0.6738,0.6439
What is Al-Hasir (or Al-Midad) in traditional Saudi interior furnishings?,General,0.9001,0.6233,0.6167,0.6158,0.6117
What natural plant materials were hand-plaited to craft traditional cooling floor mats (Al-Hasir) in Saudi homes?,General,0.9202,0.6913,0.5268,0.5142,0.5135
What status does the Black Seed (Habbat Al-Barakah / Nigella sativa) hold in Saudi folk medicine and daily cuisine?,General,0.9153,0.7501,0.4977,0.4924,0.4911
Which dark aromatic seed is traditionally sprinkled over heritage Saudi breakfast breads and stirred with honey for wellness?,General,0.8808,0.6947,0.6183,0.5779,0.5704
What is the cultural and conversational nuance of the Saudi welcoming rejoinder 'Hayyakum Allah'?,General,0.8088,0.6601,0.6142,0.5785,0.5666
Which traditional Arabic welcome phrase wishing divine life and honor is universal across all Saudi regions?,General,0.9177,0.7367,0.7211,0.6952,0.6843
What does the traditional Saudi phrase 'Sam wa Tabb' (or 'Sam') communicate when responding to a call or request?,General,0.9173,0.6818,0.6373,0.573,0.5553
"What courteous response is uttered by a host or family member when someone calls their attention, meaning 'Command and be pleased'?",General,0.6096,0.474,0.4488,0.4278,0.4217
What physical protocol accompanies traditional Saudi greetings between men of equal standing?,General,0.886,0.6949,0.6908,0.6577,0.6564
What physical gesture between peers in Saudi culture often accompanies handshakes to express fraternal affection?,General,0.9069,0.803,0.704,0.6365,0.6225
What is the traditional Saudi folk game Al-Tilah (or Al-Masaqeel)?,General,0.8641,0.6833,0.6681,0.6634,0.6497
What game pieces are flicked with fingers in the traditional folk game Al-Tilah?,General,0.8706,0.7028,0.571,0.5497,0.5461
How was the historic folk game Al-Dahrooj played by Saudi children in village alleyways?,General,0.8945,0.6771,0.6301,0.6124,0.5943
What object is propelled and steered along the ground in the traditional folk game Al-Dahrooj?,General,0.8243,0.7227,0.5625,0.5441,0.4815
What heartwarming neighborhood custom takes place in Saudi neighborhoods on the morning of Eid?,General,0.834,0.6926,0.6846,0.6625,0.5885
Where do neighbors in many traditional Saudi quarters roll out carpets to share home-cooked Eid breakfast dishes?,General,0.8789,0.746,0.6422,0.557,0.5438
What vibrant atmosphere characterizes Saudi markets on the night before Eid (Laylat Al-Eid)?,General,0.8541,0.6526,0.5901,0.5629,0.5345
Until what hour do traditional markets and sweet shops customarily remain open on the eve of Eid (Laylat Al-Eid)?,General,0.8911,0.7502,0.5289,0.527,0.4993
What is Halawa Tahiniyah (or Rahash) in Saudi breakfast culture?,General,0.8867,0.5677,0.5675,0.554,0.5393
What seed paste forms the rich base of traditional breakfast Halawa Tahiniyah?,General,0.8535,0.6718,0.5953,0.5486,0.4902
How is Frankincense (Al-Luban Al-Dhikri) traditionally used in Saudi domestic life?,General,0.8245,0.5608,0.5171,0.5018,0.4945
Which natural aromatic tree resin is traditionally burned on morning embers to purify household air and impart a balsamic citrus fragrance?,General,0.8695,0.5916,0.523,0.4864,0.3941
How is artisan Taif rose water (Ma' Ward Taifi) presented to guests in formal Saudi hospitality?,General,0.8671,0.6011,0.5041,0.5015,0.5015
What traditional ornate silver flask is used to sprinkle fragrant rose water onto guests' hands in Saudi hospitality?,General,0.9074,0.7589,0.5338,0.5145,0.4747
What was 'Al-Tawilah' (Tawilat Al-Hasa) in the monetary history of Eastern Arabia?,General,0.8884,0.5892,0.5574,0.5392,0.534
Which distinctive U-shaped metal pin currency was minted and circulated across Al-Ahsa and Gulf ports prior to modern coins?,General,0.94,0.6422,0.6119,0.5133,0.5104
What was the silver 'French Thaler' (Maria Theresa Thaler) known as in traditional Saudi commerce?,General,0.7957,0.5836,0.4951,0.4409,0.4351
What word was counter-stamped on foreign silver thalers by King Abdulaziz in 1340 AH to validate them as legal currency in Central Arabia?,General,0.9328,0.7891,0.678,0.6173,0.6069
When was the first official silver 'Arabian Saudi Riyal' minted carrying the name of King Abdulaziz?,General,0.9117,0.7086,0.6677,0.6124,0.5541
In which Hijri year was the foundational silver Saudi Riyal minted carrying the title 'King of the Kingdom of Saudi Arabia'?,General,0.8918,0.777,0.5951,0.5448,0.5417
What was the 'Hajj Pilgrim Receipt' (Esal Al-Hujjaj) in Saudi banking history?,General,0.9034,0.7189,0.5125,0.5025,0.4962
Which transitional paper certificate issued in 1953 for visiting pilgrims served as the historic precursor to modern Saudi banknotes?,General,0.9248,0.769,0.5756,0.4989,0.4987
What volumetric measures were historically standardized in Saudi oases for measuring dates and grain?,General,0.8496,0.6555,0.5809,0.5593,0.532
How many 'Mudds' (handful measures) constitute the standard prophetic and customary 'Sa'' (Al-Sa') in Saudi measure systems?,General,0.8927,0.6377,0.4866,0.4735,0.4673
What traditional length unit was used across Saudi textile and building souqs before the metric system?,General,0.8772,0.6547,0.5242,0.4852,0.4763
"Which body-based measurement unit was traditionally used across Arabian souqs to measure fabric, carpets, and building timber?",General,0.8116,0.7048,0.5199,0.4688,0.4263
What was the commercial contract known as 'Al-Salam' in traditional Saudi agricultural oases?,General,0.8852,0.6186,0.5554,0.5538,0.5456
What was the traditional role of 'Al-Muhtasib' in historic Saudi municipal markets?,General,0.861,0.7229,0.6206,0.6066,0.5982
Which civic official was appointed in historic Saudi towns to inspect scales and enforce honesty in open markets?,General,0.92,0.6627,0.5119,0.4989,0.4854
"What traditional trading system allowed desert nomads to exchange wool, ghee, and sheep for oasis dates without currency?",General,0.8112,0.5142,0.5134,0.4787,0.4641
What was 'Al-Qullah' in date palm harvest commerce in Al-Ahsa and Qassim?,General,0.767,0.5432,0.5268,0.5251,0.5238
Which traditional bulk measure was widely used to quantify seasonal date harvests across Al-Ahsa and Najdi oases?,General,0.9348,0.6057,0.5482,0.5335,0.4956
Which precious metal coin was counter-stamped with Arabic inscriptions in Makkah during the 13th century AH before formal Saudi minting?,General,0.935,0.6732,0.6346,0.6257,0.6214
What historical role did the gold sovereign (Al-Junaih Al-Dhahabi) play during early commercial agreements under King Abdulaziz?,General,0.8452,0.5361,0.5204,0.5106,0.5061
Who was Safeya Binzagr and what role did she pioneer in Saudi visual arts?,General,0.8607,0.6972,0.5488,0.5424,0.4867
Which pioneering female Saudi artist founded a museum in Jeddah dedicated to documenting historic costumes and folklore through oil paintings?,General,0.9285,0.7146,0.6775,0.6691,0.6227
What artistic movement did pioneer artist Abdulhalim Radwi establish in Saudi sculpture and painting?,General,0.8748,0.7298,0.6039,0.6017,0.5916
Which pioneering Saudi artist is renowned for erecting iconic monumental public sculptures along the Jeddah Corniche?,General,0.9035,0.8147,0.7301,0.7249,0.63
What is the Diriyah Contemporary Art Biennale and where is it staged?,General,0.8169,0.7298,0.5951,0.5466,0.4137
In which creative district of Diriyah is the Saudi Contemporary Art Biennale staged?,General,0.9057,0.793,0.7437,0.6925,0.6229
What is the Islamic Arts Biennale and in which architectural setting is it hosted in Jeddah?,General,0.9257,0.8646,0.7346,0.6604,0.6509
Under which iconic architectural canopy in Jeddah was the inaugural Islamic Arts Biennale hosted in 2023?,General,0.8861,0.8751,0.6302,0.6156,0.6096
What style characterized the pioneering Saudi artist Mohammed Al-Saleem (1939–1997)?,General,0.8026,0.739,0.6871,0.6826,0.6249
Which distinctive aesthetic concept defined the desert paintings of pioneer Saudi artist Mohammed Al-Saleem?,General,0.8772,0.7501,0.6903,0.6871,0.6571
What is Noor Riyadh and what world records has it broken?,General,0.7001,0.525,0.5221,0.5032,0.4901
Which festival celebrated across Riyadh is recognized by Guinness World Records as the largest light art festival on earth?,General,0.9435,0.7693,0.6211,0.5125,0.5081
What historical collection is exhibited in the Masmak Fortress Museum in Riyadh?,General,0.8898,0.6602,0.6472,0.6099,0.574
What historical artifact remains visibly embedded in the thick wooden gate of Al-Masmak Fortress from the 1902 battle?,General,0.9127,0.5324,0.4602,0.4334,0.4029
What is the Darat Al-Funun / Open Air Sculpture Museum along the Jeddah Corniche?,General,0.8471,0.6858,0.6683,0.6623,0.6375
Which coastal Saudi city features one of the world's largest collections of outdoor public sculptures along its corniche?,General,0.9241,0.7453,0.6161,0.5929,0.5923
What role does the Museums Commission play under the National Cultural Strategy?,General,0.7823,0.4685,0.414,0.3826,0.3821
"In which historic merchant mansion in Al-Balad, Jeddah, is the Red Sea Museum situated?",General,0.6249,0.5837,0.5815,0.5663,0.557
What is 'Al-Kashkashah' in ancient and contemporary Arabian dialects?,General,0.8396,0.7154,0.6398,0.6319,0.6215
"What classical phonetic phenomenon turns the feminine second-person 'Kaf' into a 'Shin' (e.g., 'Abookish' instead of 'Abooki')?",General,0.8347,0.647,0.6045,0.5144,0.4115
What is 'Al-Tamtamah' (or 'M-article') preserved in southwestern Saudi dialects?,General,0.905,0.636,0.6256,0.6187,0.6015
"What ancient linguistic feature replaces the Arabic definite article 'Al-' with 'Em-' (e.g., 'Em-Qamar' for 'Al-Qamar') in southwestern Saudi Arabia?",General,0.8408,0.7923,0.6646,0.6505,0.6115
What is the ancient Faifi language/dialect spoken in the Faifa Mountains of Jazan?,General,0.8615,0.7063,0.4652,0.4599,0.4429
In which mountain region of southwestern Saudi Arabia is the ancient Semitic linguistic variety 'Faifi' spoken?,General,0.9178,0.739,0.7346,0.6289,0.6055
What is 'Al-Istintaa'' in the historical phonetics of Arabian tribes?,General,0.8786,0.7422,0.6468,0.6198,0.607
"Which ancient phonetic phenomenon shifts 'Ain' into 'Noon' when preceding 'Ta' (e.g., 'Antani' for 'A'tani')?",General,0.812,0.6537,0.4796,0.4407,0.3935
What is 'Al-Kaskasah' and how does it differ from 'Al-Kashkashah'?,General,0.7886,0.6794,0.6119,0.5673,0.5374
What consonant replaces or suffixes the feminine pronominal 'Kaf' in the classical dialect feature Al-Kaskasah?,General,0.9009,0.7134,0.7031,0.6891,0.4955
What is 'Al-An'anah' in historical Arabian linguistic chronicles?,General,0.8671,0.6774,0.647,0.6401,0.6376
What phonetic shift characterizes the classical dialectal feature Al-An'anah?,General,0.7819,0.7116,0.6326,0.6111,0.597
What is 'Al-Jimsheesh' or the affrication of 'Qaf' (Q) in Central and Northern Saudi dialects?,General,0.908,0.6994,0.6589,0.6391,0.5933
"What consonant sound typically represents the classical 'Qaf' in spoken Najdi and Bedouin Saudi dialects (e.g., in 'Gahwa')?",General,0.8964,0.757,0.5809,0.5343,0.5289
What ancient Semitic language family includes the modern Mehri language spoken in the Rub' al Khali border regions?,General,0.8742,0.6643,0.5233,0.5162,0.5001
Which indigenous Semitic tongue is preserved among pastoralists in the southern desert borderlands of Saudi Arabia?,General,0.9117,0.6725,0.5674,0.5666,0.5606
What honorific familial terms are traditionally used to address paternal vs maternal uncles in Saudi society?,General,0.9276,0.7296,0.6044,0.558,0.5438
Which Arabic kinship title is traditionally used to address an elder man with fatherly respect in Saudi daily life?,General,0.9428,0.7845,0.6507,0.6456,0.6317
What is Al-Wa'bah Crater (Maqla' Tamiyah) and what caused its formation?,General,0.8362,0.688,0.4712,0.4618,0.4479
What geological mechanism created the colossal 2-kilometer-wide Al-Wa'bah Crater in western Saudi Arabia?,General,0.8966,0.7053,0.6199,0.6103,0.6098
What are the Royal Reserves of Saudi Arabia established under Royal Order in 2018?,General,0.788,0.7078,0.595,0.5611,0.5568
Approximately what percentage of Saudi Arabia's landmass is encompassed within the protected Royal Reserves network?,General,0.8257,0.7398,0.7115,0.6305,0.5767
Which is the largest Royal Reserve by geographical area in Saudi Arabia?,General,0.8546,0.7684,0.7169,0.674,0.6305
What is King Salman Royal Natural Reserve characterized by?,General,0.7747,0.7171,0.7131,0.6296,0.5971
What natural feature is Ain Heet Cave (Dahl Al-Heet) near Riyadh famous for?,General,0.8441,0.7072,0.534,0.4991,0.4796
Which prominent natural limestone cave and underground water lake is situated along Mount Tuwaiq south of Riyadh?,General,0.8937,0.7118,0.4775,0.4487,0.4477
What are 'Harrat' in the geological landscape of western and central Saudi Arabia?,General,0.871,0.7457,0.6602,0.6535,0.6161
What geological term designates the vast black basalt volcanic lava fields stretching across western Saudi Arabia?,General,0.903,0.7513,0.6311,0.5927,0.5856
When did the last recorded volcanic eruption take place in the Arabian Peninsula near Al-Madinah Al-Munawwarah?,General,0.8691,0.6278,0.6034,0.5386,0.5289
In which century CE did the last documented volcanic eruption occur from Harrat Rahat near Madinah?,General,0.901,0.716,0.5901,0.4334,0.427
What species were re-introduced into the wild under the National Center for Wildlife's conservation programs?,General,0.6944,0.3787,0.3592,0.3564,0.3497
Which iconic white desert antelope was rescued from extinction and re-established across Saudi protected reserves?,General,0.898,0.5536,0.5476,0.5403,0.508
What is Prince Mohammed bin Salman Royal Reserve notable for in terms of geography?,General,0.8416,0.7012,0.6943,0.6707,0.5551
Which royal reserve bridges the marine ecosystems of the northern Red Sea with the mountains of Tabuk and the NEOM landscape?,General,0.8287,0.5407,0.4594,0.4279,0.419
What did medieval traveler Ibn Battuta document during his 14th-century travels across the Arabian Peninsula?,General,0.876,0.5787,0.5733,0.5614,0.5345
"Which celebrated 14th-century Moroccan globetrotter penned rich descriptions of Makkah, Madinah, and Arabian pilgrimage roads in his travelogue?",General,0.7817,0.7166,0.6038,0.6019,0.5925
What did Swiss traveler Johann Ludwig Burckhardt document when he visited Makkah and Madinah in 1814?,General,0.8057,0.6484,0.5039,0.4312,0.4246
"Which European traveler visited Makkah in 1814 under the pseudonym Sheikh Ibrahim, documenting the First Saudi State era in his travelogue?",General,0.8511,0.7536,0.5637,0.5617,0.5561
What monumental travel book was authored by Charles Montagu Doughty about Central and Northern Arabia?,General,0.8308,0.5284,0.5056,0.5024,0.499
"Which classic travel book published in 1888 provided detailed ethnographic records of nomadism across Hail, Tayma, and Najd?",General,0.8194,0.6113,0.4532,0.4402,0.4127
What is the historical chronicle 'Unwan Al-Majd fi Tarikh Najd' authored by Uthman bin Bishr?,General,0.6818,0.6271,0.4786,0.4751,0.4725
Who authored the foundational 19th-century historical chronicle 'Unwan Al-Majd fi Tarikh Najd' documenting the early Saudi states?,General,0.8337,0.7959,0.6758,0.5891,0.5873
What did British explorer Wilfred Thesiger document during his crossings of the Rub' al Khali (Empty Quarter)?,General,0.7985,0.6369,0.4195,0.4164,0.4106
What Arabic name was given to British traveler Wilfred Thesiger by his Bedouin guides during his crossings of the Empty Quarter?,General,0.8464,0.6315,0.4835,0.4468,0.4444
What is the Oral History Center at the King Abdulaziz Foundation (Darah)?,General,0.8508,0.7418,0.6621,0.6287,0.6054
Which national archival center records eyewitness testimonies of citizens who witnessed national unification and historical changes in Saudi Arabia?,General,0.9052,0.6213,0.6029,0.6027,0.5909
What was the Danish Expedition to Arabia (1761–1767) led by Carsten Niebuhr?,General,0.7384,0.6555,0.5084,0.4405,0.3893
Which sole survivor of the 1761 Royal Danish Expedition to Arabia published accurate geographical maps and scientific accounts of the Arabian Peninsula?,General,0.8907,0.7355,0.5516,0.5392,0.5289
What is the 'Tarikh Al-Fakhiri' chronicle preserved in Saudi historiography?,General,0.8633,0.6557,0.6153,0.607,0.5695
"Which Najdi annalist authored 'Tarikh Al-Fakhiri', an indispensable primary source for 18th and 19th-century Saudi history?",General,0.7267,0.6868,0.6538,0.6533,0.5352
What did Muhammad Asad (Leopold Weiss) document in his classic autobiography 'The Road to Mecca' (1954)?,General,0.893,0.7248,0.5409,0.4778,0.4765
Which classic 1954 memoir chronicles the author's travels across the desert and close relationship with King Abdulaziz during the kingdom's founding years?,General,0.8726,0.6142,0.5215,0.5007,0.4761
"What national repository safeguards original royal treaties, historical maps, and international agreements signed by Saudi monarchs?",General,0.7826,0.6911,0.6677,0.6611,0.6234
What is the primary role of the National Center for Archives and Records (NCAR) in Riyadh?,General,0.8845,0.6459,0.5915,0.5731,0.549
What conservation status and cultural significance does the Arabian Leopard (Al-Nimr Al-Arabi) hold in Saudi Arabia?,General,0.8697,0.7412,0.5686,0.5596,0.5248
Which critically endangered apex feline native to the mountain ranges of Saudi Arabia is protected under national rewilding programs?,General,0.9026,0.6703,0.575,0.5632,0.5319
What was the customary legal principle of 'Haqq Al-Shurb' (Water Rights) in traditional Arabian desert law?,General,0.9133,0.7118,0.5484,0.5152,0.4975
Which traditional customary law guaranteed passing desert travelers free access to well water for survival regardless of who owned the well?,General,0.9124,0.7225,0.4097,0.382,0.3776
What was the role and prestige of 'Al-Qahwaji' (or Ra'i Al-Dallah) in historic Saudi royal and tribal courts?,General,0.8422,0.6029,0.5647,0.5525,0.5319
What title was traditionally accorded to the master of coffee service who oversaw majlis brewing protocol in Saudi Arabia?,General,0.8835,0.6136,0.6116,0.5959,0.5948
What were 'Birak Al-Hajj' and what architectural features enabled them to survive for centuries across Saudi deserts?,General,0.9086,0.6683,0.6175,0.613,0.6096
What filtration component preceded the main water tank in historic pilgrimage cisterns (Birak Al-Hajj) to trap mud and sediment?,General,0.888,0.6465,0.4706,0.4622,0.4553
