"Question","Choices","Answer","Question Type","Difficulty","Category"
"In Saudi culture, which hand is traditionally used when eating?","–","Right hand","Open-ended","Common","Food"
"In traditional Saudi culture, how is rice typically eaten?","–","By hand","Open-ended","Common","Food"
"In traditional Saudi culture, how do people shape the rice before eating it?","–","Into a ball shape","Open-ended","Common","Food"
"What are the common dining customs in Saudi Arabia?","–","Cutting meat by hand and serving it to the guest; pouring ghee on the guest’s hand","Open-ended","Common","Food"
"What is the name of the drink that helps relieve stomach cramps?","–","Fennel, anise, or cumin","Open-ended","Common","Traditions and Customs"
"What is the name of the drink that helps relieve menstrual pain in women in Saudi Arabia?","–","Cinnamon and Qishr","Open-ended","Common","Traditions and Customs"
"What are the main traditional dishes served during Ramadan in Saudi Arabia?","–","Sambusa, dates, and soup","Open-ended","Common","Food"
"What is a common gesture of hospitality offered to guests in Saudi homes?","–","Serving Qahwa (coffee) and dates","Open-ended","Common","Food"
"What are the spices traditionally added before serving Saudi coffee?","–","Cardamom and saffron","Open-ended","Common","Food"
"What distinguishes the attire of Saudi women in public?","–","Modesty","Open-ended","Common","Clothes"
"Do students in Saudi Arabia adhere to a uniform dress code?","–","Yes","Open-ended","Common","Clothes"
"What is the traditional clothing for an Imam in Saudi Arabia?","–","Bisht","Open-ended","Common","Clothes"
"What is the traditional color of Saudi women's abayas?","–","Black","Open-ended","Common","Clothes"
"Is it acceptable to wear an agal during a condolence gathering?","–","No","Open-ended","Common","Clothes"
"What is the traditional clothing for Saudi women in the street?","–","Abaya","Open-ended","Common","Clothes"
"What does the gesture of raising the agal in front of an audience mean?","–","Pride, agreement, or excitement","Open-ended","Common","Languages and Communication"
"When two people meet in their cars and honk their horns, what does this gesture signify?","–","Greeting","Open-ended","Common","Languages and Communication"
"What Arabic phrase is often used to express gratitude?","–","Alhamdulillah","Open-ended","Common","Languages and Communication"
"What is the second language taught in Saudi schools?","–","English","Open-ended","Common","Languages and Communication"
"What is the formal greeting in Saudi Arabia?","–","As-Salamu Alaikum","Open-ended","Common","Languages and Communication"
"What does the gesture of throwing the shemagh at another person signify?","–","Asking a favor, inviting to dinner, or showing pride","Open-ended","Common","Languages and Communication"
"What does the gesture of shaking a coffee cup mean?","–","The guest has had enough coffee","Open-ended","Common","Languages and Communication"
"What are the famous welcoming phrases in Saudi Arabia?","–","Marhaban, Ahlan wa Sahlan","Open-ended","Common","Languages and Communication"
"What does the gesture of snapping fingers while touching the thumb and index finger together signify?","–","Urgency or to draw attention","Open-ended","Common","Languages and Communication"
"What Arabic phrase is used to express hope or intention for the future?","–","Insha’Allah","Open-ended","Common","Languages and Communication"
"What word is commonly used in Saudi Arabia when responding to a request as confirmation?","–","Abshir","Open-ended","Common","Languages and Communication"
"On which day do most teachers in Saudi Arabia typically gather outside of work?","–","Tuesday","Open-ended","Common","Traditions and Customs"
"What is the most popular communication method used by Saudis?","–","WhatsApp and Snapchat","Open-ended","Common","Languages and Communication"
"What is the name of the traditional board game in Saudi Arabia?","–","Keram","Open-ended","Common","Entertainment"
"What is a traditional musical instrument in Saudi Arabia?","–","Rababa","Open-ended","Common","Entertainment"
"What is the traditional activity Saudis enjoy in winter?","–","Al-Kashta (desert picnic)","Open-ended","Common","Entertainment"
"What is the name of the place where friends and families gather on occasions?","–","Al-Majlis","Open-ended","Common","Celebration"
"What are the common traditions in Saudi Arabia on Fridays?","–","Eating fish, family gathering, attending Jumu’ah prayer","Open-ended","Common","Celebration"
"What is the most commonly used type of fragrance in Saudi Arabia?","–","Oud","Open-ended","Common","Celebration"
"What is the tradition when the groom sees the bride for the first time?","–","Al-Shoufah","Open-ended","Common","Celebration"
"What items is the bride not required to buy from the money given by the groom?","–","Jewelry (gold)","Open-ended","Common","Celebration"
"What is the traditional name for the bride’s night before the wedding?","–","Laylat Al-Henna","Open-ended","Common","Celebration"
"What is the concept of “association” among coworkers in Saudi Arabia?","–","Group savings among coworkers","Open-ended","Common","Traditions and Customs"
"Where do children traditionally kiss their grandparents in Saudi culture?","–","On the head","Open-ended","Common","Celebration"
"Is it acceptable to stay in the host’s house after the host burns oud?","–","No","Open-ended","Common","Celebration"
"What are the appropriate days to visit parents in Saudi culture?","–","Any day","Open-ended","Common","Celebration"
"What are the appropriate days to visit family and friends in Saudi Arabia?","–","Weekends","Open-ended","Common","Celebration"
"What are the main cities Saudis travel to in the summer?","–","Abha, Taif, Al-Baha, and southern highlands","Open-ended","Common","Traditions and Customs"
"What is the most popular traditional medicine in Saudi Arabia?","–","Cauterization","Open-ended","Common","Traditions and Customs"
"What illness is commonly treated using cauterization?","–","Stroke","Open-ended","Common","Traditions and Customs"
"What is a natural remedy that helps soothe throat inflammation in Saudi Arabia?","–","Honey, orange, or lemon","Open-ended","Common","Traditions and Customs"
"What is referred to as the “mute doctor” in Saudi Arabia?","–","Black pepper","Open-ended","Common","Traditions and Customs"
"Is education in Saudi Arabia mixed between genders?","–","No","Open-ended","Common","Traditions and Customs"
"Do Saudi university students receive a stipend?","–","Yes, around 900–1000 SAR","Open-ended","Common","Traditions and Customs"
"What is the hidden reason behind arguments between friends or family at the cashier in Saudi Arabia?","–","Because everyone wants to pay as an act of generosity","Open-ended","Common","Traditions and Customs"
"Which traditional Saudi Arabian game involves the use of a hat and is commonly played in social gatherings?","A. Al-Sadu B. Tag Tag Taqia C. Fersha D. Al-Kattab","B. Tag Tag Taqia","MCQ (one correct)","Common","Entertainment"
"What is the name of the traditional Saudi game that mimics football?","A. Al-Sadu B. Fersha C. Al-Farfeera D. Tag Tagia","C. Al-Farfeera","MCQ (one correct)","Common","Entertainment"
"What is the name of the traditional Saudi activity involving hunting trips with trained birds such as falcons?","A. Al-Mahamel B. Al-Miqnas C. Al-Mirfaq D. Al-Marsad","B. Al-Miqnas","MCQ (one correct)","Common","Entertainment"
"What is one of the names of the traditional Saudi game ""Al-Barbar""?","A. Umm Al-Khutoot B. Al-Dananeh C. Al-Ziqtah D. Al-Ghammah","A. Umm Al-Khutoot","MCQ (one correct)","Common","Entertainment"
"What shape do players sit in during the game ""Tag Tag Tagia""?","A. Circle B. Square C. Rectangle D. Straight line","A. Circle","MCQ (one correct)","Common","Entertainment"
"What activity is referred to as ""Al-Kashta"" in Saudi culture?","A. Desert trips B. Sea trips C. Mountain trips D. Urban excursions","A. Desert trips","MCQ (one correct)","Common","Entertainment"
"What shape does the ""Taraha"" take in Saudi traditional play?","A. Square B. Rectangle C. Circle D. Triangle","B. Rectangle","MCQ (one correct)","Common","Entertainment"
"What is the name of the traditional game played by girls aged 5–9, similar to jumping rope?","A. Qumrah Shabrah B. Al-Habl C. Al-Mal’aab D. Al-Dawrah","A. Qumrah Shabrah","MCQ (one correct)","Common","Entertainment"
"What is the traditional Saudi game that begins with a draw to decide who will jump over others?","A. Sabt Al-Suboot B. Azeem Sari C. Tug of War D. Tag Tag Tagia","A. Sabt Al-Suboot","MCQ (one correct)","Common","Entertainment"
"How is the game ""Jakom Al-Theeb"" played in Saudi Arabia?","A. Players hide while one searches for them B. Players chant in a circle C. Players jump over obstacles D. Players catch a thrown object","A. Players hide while one searches for them","MCQ (one correct)","Common","Entertainment"
"What traditionally dictates the color protocol of the official Saudi Mishlah (Bisht) worn on official occasions?","A. The specific day of the week and official Royal Protocol B. The venue size C. The weather temperature D. Random personal choice","A. The specific day of the week and official Royal Protocol","MCQ (one correct)","Specialized","Clothes"
"What is traditionally applied to the hands before weddings in some Saudi regions?","A. Henna B. Oud incense C. Scented oils D. Fragrant powders","A. Henna","MCQ (one correct)","Common","Celebration"
"What is the name of the small door within a large door used for entry without opening the entire door?","A. Bab Abu Khokha B. Bab Al-Masraf C. Bab Al-Qibla D. Bab Al-Safha","A. Bab Abu Khokha","MCQ (one correct)","Common","Architecture"
"What is the name of the traditional Saudi window or wooden covering that extends outward?","A. Roshan B. Mashrabiya C. Qamariya D. Shubbak","A. Roshan","MCQ (one correct)","Common","Architecture"
"What is the name of the traditional Saudi door made from a single panel of wooden planks?","A. Bab Bosaer B. Bab Al-Masraf C. Bab Al-Qibla D. Bab Al-Shurfa","A. Bab Bosaer","MCQ (one correct)","Common","Architecture"
"In which month does the traditional role of the ""Musaharati"" typically take place in Islamic culture?","A. Muharram B. Ramadan C. Shawwal D. Dhul-Hijjah","B. Ramadan","MCQ (one correct)","Common","Celebration"
"When is the Eid Al-Fitr prayer performed in the Islamic Hijri calendar?","A. The first day of Shawwal B. The last day of Ramadan C. The tenth of Dhul-Hijjah D. The fifteenth of Sha’ban","A. The first day of Shawwal","MCQ (one correct)","Common","Celebration"
"What does the phrase ""Sammu"" mean in Saudi culture?","A. Say ""Bismillah"" (In the name of Allah) B. Welcome the guests C. Start the meal D. Enjoy your drink","A. Say ""Bismillah"" (In the name of Allah)","MCQ (one correct)","Common","Languages and Communication"
"What is the night of marriage called in Saudi Arabia?","A. Wedding night B. Laylat Al-Dukhla C. Laylat Al-Zafaf D. Celebration night","B. Laylat Al-Dukhla","MCQ (one correct)","Common","Celebration"
"What distinguishes ""Al-Mas’houb"" in Saudi folk poetry?","A. It is a poetic meter in Nabati poetry performed with a dragging tone B. It is always performed with traditional dance C. It requires the accompaniment of the Rababa instrument D. It is exclusively sung in desert regions","A & C","MCQ (multiple correct)","Common","Entertainment"
"What is the primary characteristic of the poetic dialogue (Al-Muhawara) in Saudi Arabia?","A. It is a mental competition requiring quick poetic creativity B. It is limited to highly skilled poets due to its complexity C. It involves musical instruments D. The performers repeat the final poetic response","A, B & D","MCQ (multiple correct)","Common","Entertainment"
"How many points must one team score to win in the game of Baloot?","A. 152 points B. 200 points C. 100 points D. 120 points","A. 152 points","MCQ (one correct)","Common","Entertainment"
"What preparations are made for birds in ""Al-Miqnas"" (hunting trips)?","A. Sharpening the bird's beak B. Trimming the bird's claws C. Cleaning the bird's feathers D. Training for long-distance flights","A & B","MCQ (multiple correct)","Common","Entertainment"
"When is the game ""Al-Dananeh"" typically played?","A. In the morning B. At night C. In the afternoon D. At sunset","B. At night","MCQ (one correct)","Common","Entertainment"
"What is the name of the traditional Saudi game that relies on intuition and quick wit?","A. Gleimait B. Keram C. Al-Sibba D. Dominoes","A. Gleimait","MCQ (one correct)","Common","Entertainment"
"How many small stones and slots are used in the game ""Al-Huwaila""?","A. 28 stones and 13 slots B. 30 rocks and 15 slots C. 28 rocks and 15 slots D. 30 rocks and 13 slots","A. 28 stones and 13 slots","MCQ (one correct)","Common","Entertainment"
"What is the ""Raya Al-Ardah Al-Saudia"" (Saudi Ardah Flag)?","A. A small flag carried by hand B. A large flag placed in the middle of performers during the Saudi Ardah C. A symbol hung on the wall D. A piece of cloth used as decoration","B. A large flag placed in the middle of performers","MCQ (one correct)","Common","Entertainment"
"The palm tree is a significant symbol in Saudi culture, representing various values. Which of the following are true?","A. Blessing B. Generosity and giving C. Stability and pride D. None of the above","A, B & C","MCQ (multiple correct)","Common","Crafts and Work"
"Which of the following names are derived from the aesthetic significance of a long and well-shaped nose in Saudi cultural heritage?","A. Khushm Al-Bab (Door Nose) B. Khushm Al-Saif (Sword Nose) C. Khushm Al-Jabal (Mountain Nose) D. Khushm Al-Bahr (Sea Nose)","A & B","MCQ (multiple correct)","Common","Languages and Communication"
"What are the names of parts of stone houses in Saudi Arabia?","A. Al-Ulou and Al-Misraa B. Al-Saih and Al-Qawa’i C. Al-Jahwa and Al-Musha D. None of the above","A, B & C","MCQ (multiple correct)","Common","Architecture"
"What are the traditional building methods used in constructing heritage houses, walls, and towers in Saudi Arabia?","A. Mudbrick construction (Al-Labin) B. Layered masonry (Al-Madameek) C. Wooden beam construction D. Clay-only construction","A & B","MCQ (multiple correct)","Common","Architecture"
"Where is the traditional ""Bab Bosaer"" door commonly used in Saudi Arabia?","A. Internal doors for livestock enclosures B. Large courtyards C. Modern homes D. Heritage palaces","A & B","MCQ (multiple correct)","Common","Architecture"
"Which of the following are traditional Saudi palm frond crafts?","A. Water bottles B. Zanabeel (baskets) C. Storage boxes D. Makans (brooms)","B & D","MCQ (multiple correct)","Common","Crafts and Work"
"What are the main uses of gypsum in traditional Saudi construction?","A. Building and decoration B. Coating mud walls C. Covering ceilings D. All of the above","D. All of the above","MCQ (one correct)","Common","Crafts and Work"
"What historical event does Saudi Founding Day (Yawm Al-Ta'sees) commemorate on February 22?","–","Saudi Founding Day commemorates the establishment of the First Saudi State in 1727 CE (1139 AH) by Imam Muhammad bin Saud, with Diriyah as its capital, marking three centuries of statehood and national unity.","Open-ended","Common","Historical Sites"
"Which historic ruler founded the First Saudi State in 1727 CE, commemorated on Saudi Founding Day?","A. Imam Muhammad bin Saud B. King Abdulaziz C. Imam Turki bin Abdullah D. King Faisal","A. Imam Muhammad bin Saud","MCQ (one correct)","Common","Historical Sites"
"What historical milestone is celebrated on Saudi National Day on September 23?","–","Saudi National Day marks the historic royal decree issued by King Abdulaziz in 1932 CE (1351 AH) uniting the Kingdom of Hejaz and Najd and its dependencies into the Kingdom of Saudi Arabia.","Open-ended","Common","Celebration"
"In which year was the royal decree issued unifying the country under the name Kingdom of Saudi Arabia?","A. 1932 CE (1351 AH) B. 1902 CE C. 1927 CE D. 1945 CE","A. 1932 CE (1351 AH)","MCQ (one correct)","Common","Celebration"
"What is commemorated on Saudi Flag Day (Yawm Al-Alam) on March 11?","–","Flag Day commemorates the adoption of the official national flag design by King Abdulaziz in 1937 CE (1356 AH), featuring the emerald green field, the Islamic Shahada, and the unsheathed Arabian sword.","Open-ended","Specialized","Celebration"
"Why is the national flag of Saudi Arabia legally prohibited from being flown at half-mast during official mournings?","A. Because it bears the sacred Islamic Shahada B. Due to its silk fabric C. Because of the sword emblem D. Due to royal decree regarding weather","A. Because it bears the sacred Islamic Shahada","MCQ (one correct)","Common","Traditions and Customs"
"What symbols comprise the official National Emblem of the Kingdom of Saudi Arabia?","–","The National Emblem consists of two curved crossed Arabian swords with an indigenous date palm tree positioned in the upper open space between their blades.","Open-ended","Common","Traditions and Customs"
"What values are symbolized by the two crossed swords in the Saudi National Emblem?","A. Strength, justice, defense, and sacrifice B. Agricultural harvest C. Maritime navigation D. Trade routes","A. Strength, justice, defense, and sacrifice","MCQ (one correct)","Common","Traditions and Customs"
"What does the date palm tree represent in the official National Emblem of Saudi Arabia?","–","The date palm symbolizes vitality, prosperity, economic growth, generous giving, and the enduring cultural heritage of the kingdom's agricultural oases.","Open-ended","Common","Traditions and Customs"
"What does the central palm tree in the Saudi national emblem represent?","A. Growth, prosperity, and vitality B. Military victory only C. Desert solitude D. Marine resources","A. Growth, prosperity, and vitality","MCQ (one correct)","Common","Traditions and Customs"
"Why did the Saudi Ministry of Culture designate the year 2022 as the 'Year of Saudi Coffee'?","–","It was designated to celebrate coffee as an intrinsic element of Saudi identity and hospitality, transitioning the commercial nomenclature from 'Arabic Coffee' to 'Saudi Coffee' and highlighting local bean cultivation in Jazan and Asir.","Open-ended","Common","Celebration"
"Which year was officially designated by the Saudi Ministry of Culture as the 'Year of Saudi Coffee'?","A. 2022 B. 2020 C. 2018 D. 2024","A. 2022","MCQ (one correct)","Common","Celebration"
"What was celebrated during the 'Year of the Camel' (2024) initiative in Saudi Arabia?","–","The initiative highlighted the camel as an enduring cultural and economic icon of the Arabian Peninsula, celebrating Bedouin heritage, nomadic transportation, poetry, and sustainable camel industries.","Open-ended","Common","Celebration"
"Which national cultural year was proclaimed in Saudi Arabia for the year 2024?","A. Year of the Camel B. Year of Arabic Poetry C. Year of Saudi Coffee D. Year of Handicrafts","A. Year of the Camel","MCQ (one correct)","Common","Celebration"
"When and how was Saudi coffee culture recognized by UNESCO?","–","In 2015, the preparation and social rituals of traditional coffee were inscribed on the UNESCO Representative List of the Intangible Cultural Heritage of Humanity as a profound symbol of generosity and communal cohesion.","Open-ended","Common","Traditions and Customs"
"In which year was the social practice of serving traditional coffee inscribed by UNESCO as Intangible Cultural Heritage?","A. 2015 B. 2005 C. 2019 D. 2022","A. 2015","MCQ (one correct)","Common","Traditions and Customs"
"Who authored the poetic lyrics of the official Saudi National Anthem (Aash Al-Malik)?","–","The national anthem's verses ('Sari'i lil-Majdi wal-Alya') were composed by Saudi poet Ibrahim Khafaji in 1984, set to music arranged by composer Siraj Omar based on the historic fanfare by Tariq Abdul-Hakim.","Open-ended","Specialized","Historical Sites"
"Which celebrated Saudi poet wrote the official lyrics for the Saudi National Anthem?","A. Ibrahim Khafaji B. Ghazi Al-Gosaibi C. Prince Badr bin Abdulmohsen D. Mohammed Al-Thubaiti","A. Ibrahim Khafaji","MCQ (one correct)","Specialized","Historical Sites"
"Why is Uruq Bani Ma'arid Reserve significant as a UNESCO World Heritage site?","–","Inscribed in 2023, Uruq Bani Ma'arid is the first UNESCO Natural World Heritage site in Saudi Arabia, protecting the hyper-arid sand dune ecosystem of the western Rub' al Khali and free-ranging Arabian Oryx and sand gazelles.","Open-ended","Specialized","Historical Sites"
"Which desert sanctuary was inscribed as Saudi Arabia's first UNESCO Natural World Heritage site in 2023?","A. 'Uruq Bani Ma'arid B. Farasan Islands C. Harrat Al-Harrah D. Jabal Tuwaiq","A. 'Uruq Bani Ma'arid","MCQ (one correct)","Specialized","Historical Sites"
"What role did Saudi Arabia lead in the UNESCO inscription of Arabic calligraphy in 2021?","–","Saudi Arabia led a coalition of 16 Arab nations to inscribe 'Arabic Calligraphy: Knowledge, Skills and Practices' on the UNESCO Intangible Cultural Heritage list, celebrating scripts like Thuluth, Naskh, and Diwani as living art.","Open-ended","Common","Crafts and Work"
"In which year was Arabic calligraphy inscribed on the UNESCO Intangible Cultural Heritage list under a Saudi-led initiative?","A. 2021 B. 2010 C. 2015 D. 2023","A. 2021","MCQ (one correct)","Common","Crafts and Work"
"What is Al-Heda'a and when was it inscribed by UNESCO as shared cultural heritage?","–","Inscribed in 2022, Al-Heda'a is an ancient polyphonic vocal tradition where desert herders communicate with camel flocks using specific vocal calls, melodic rhythms, and acoustic cues passed down across generations.","Open-ended","Common","Entertainment"
"Which oral pastoral heritage practice of communicating with camel herds was inscribed by UNESCO in 2022?","A. Al-Heda'a B. Al-Zamil C. Al-Mizmar D. Al-Dahha","A. Al-Heda'a","MCQ (one correct)","Common","Entertainment"
"Which traditional dish was officially declared the 'National Dish of the Kingdom of Saudi Arabia' by the Culinary Arts Commission?","–","Al-Jareesh (slow-simmered cracked wheat with meat, buttermilk, and golden caramelized onion garnish) was officially proclaimed the National Dish of Saudi Arabia in 2023 for its historical omnipresence across the kingdom.","Open-ended","Common","Food"
"Which heritage dish was officially designated as the Saudi National Dish in 2023?","A. Al-Jareesh B. Al-Kabsa C. Al-Saleeq D. Al-Mandi","A. Al-Jareesh","MCQ (one correct)","Common","Food"
"Which traditional sweet was officially designated as the 'National Dessert of Saudi Arabia' in 2023?","–","Al-Maqshoush, a traditional golden pan-baked buckwheat or whole-wheat morsel drizzled with clarified butter, wild honey, and cardamom, was officially named the National Dessert of Saudi Arabia.","Open-ended","Common","Food"
"Which traditional pan-baked dessert drizzled with honey and ghee was named the official National Dessert of Saudi Arabia?","A. Al-Maqshoush B. Al-Kleijah C. Al-Sago D. Al-Hanini","A. Al-Maqshoush","MCQ (one correct)","Common","Food"
"How does the official Saudi Royal Protocol dictate the color of the Mishlah (Bisht) worn by days of the week?","–","The protocol assigns specific bisht colors to each day: Sunday is Brown (Buni), Monday is Yellow/Lemon (Asfar), Tuesday is Black (Aswad), Wednesday is Off-white/Cream (Mabroum/Ashab), Thursday is Beige, Friday is Pure White, and Saturday is Grey/Khaki.","Open-ended","Specialized","Clothes"
"According to official Saudi dress protocol, what color of Bisht is designated to be worn on Fridays?","A. White (Abyad) B. Black C. Brown D. Yellow","A. White (Abyad)","MCQ (one correct)","Specialized","Clothes"
"What color of Bisht is worn on Tuesdays according to official Saudi ceremonial protocol?","A. Black (Aswad) B. Beige C. White D. Grey","A. Black (Aswad)","MCQ (one correct)","Specialized","Clothes"
"What color of Bisht is designated for official wear on Sundays in Saudi protocol?","A. Brown (Buni) B. White C. Black D. Beige","A. Brown (Buni)","MCQ (one correct)","Specialized","Clothes"
"What structural tailoring features define the traditional Saudi men's Thobe?","–","The Saudi Thobe is a full-length, crisp white cotton robe tailored with a stiffened stand-up collar (Al-Yaqa) with two buttons, a front placket, a left breast pocket, and plain or double-cuffed sleeves worn with cufflinks (Kabbak).","Open-ended","Common","Clothes"
"What accessory is traditionally used to fasten double-cuffed sleeves on a formal Saudi thobe?","A. Cufflinks (Kabbak) B. Safety pins C. Leather cord D. Elastic bands","A. Cufflinks (Kabbak)","MCQ (one correct)","Common","Clothes"
"What distinguishes the Shemagh from the Ghutra in traditional Saudi men's headdress?","–","The Shemagh is a woven square cotton cloth patterned in red and white (or black and white) geometric checks, while the Ghutra is a pure, solid white, lightweight square cotton fabric worn folded diagonally.","Open-ended","Common","Clothes"
"What color pattern characterizes the classic Saudi Shemagh?","A. Red and white woven check pattern B. Solid black only C. Bright yellow stripes D. Polka dot print","A. Red and white woven check pattern","MCQ (one correct)","Common","Clothes"
"What materials and construction constitute the traditional Saudi Iqal?","–","Al-Iqal is a double circular black cord crafted from tightly braided goat hair or sheep wool around a white cotton core, placed over the folded Ghutra or Shemagh to hold it firmly in place.","Open-ended","Common","Clothes"
"What natural animal fiber is traditionally wrapped around the outer cord of a black Saudi Iqal?","A. Goat hair or sheep wool B. Camel leather only C. Horsehair only D. Synthetic plastic","A. Goat hair or sheep wool","MCQ (one correct)","Common","Clothes"
"What social message is communicated in Saudi majlis etiquette when burning agarwood (Oud) is circulated?","–","The circulation of the incense censer (Mabkharah) at the end of a gathering signifies the polite and hospitable conclusion of the visit, encapsulated in the popular folk idiom 'Ma ba'd Al-Oud Qu'oud' (No lingering after the Oud).","Open-ended","Common","Traditions and Customs"
"What does the circulation of burning oud incense at the end of a formal Saudi gathering traditionally signify to guests?","A. The gracious conclusion of the gathering B. Serving a new meal C. Starting an argument D. Time for sleep only","A. The gracious conclusion of the gathering","MCQ (one correct)","Common","Traditions and Customs"
"What non-verbal gesture indicates to the coffee server (Al-Mubashir) that a guest has had sufficient coffee?","–","The guest gently tilts and shakes the small handleless cup (Al-Finjan) rapidly from side to side two or three times before handing it back to the server using the right hand.","Open-ended","Common","Languages and Communication"
"What physical motion signals that a guest does not wish to have a refill of Saudi coffee?","A. Gently shaking the cup from side to side B. Tapping the cup on the floor C. Turning the cup upside down D. Placing a finger inside the cup","A. Gently shaking the cup from side to side","MCQ (one correct)","Common","Languages and Communication"
"Why is a cup of Saudi coffee poured only one-third to one-half full rather than completely filled?","–","Filling only one-third (known as Sabba Rasheefah) allows the guest to sip the steaming hot coffee without scalding fingers on the handleless cup, and serves as an ongoing gesture of attentive service and hospitality.","Open-ended","Specialized","Traditions and Customs"
"How full is a traditional handleless Finjan poured when serving Saudi coffee to an esteemed guest?","A. Approximately one-third to half full B. Overflowing to the brim C. Completely full D. Just a single drop","A. Approximately one-third to half full","MCQ (one correct)","Common","Traditions and Customs"
"What do the four traditional cups of coffee represent in Saudi tribal hospitality?","–","The first is 'Finjan Al-Haif' (tested by the host for quality), the second is 'Finjan Al-Dhaif' (the basic duty of guest hospitality), the third is 'Finjan Al-Kayf' (for conviviality and enjoyment), and the fourth is 'Finjan Al-Saif' (a pledge of mutual martial defense).","Open-ended","Specialized","Traditions and Customs"
"Which cup of coffee is poured and drunk by the host himself before offering coffee to guests?","A. Finjan Al-Haif B. Finjan Al-Dhaif C. Finjan Al-Kayf D. Finjan Al-Saif","A. Finjan Al-Haif","MCQ (one correct)","Specialized","Traditions and Customs"
"What is the customary three-day rule of hospitality ('Dhiyafat Al-Thalathah') in traditional Saudi society?","–","Under customary Arabian law, every host is obliged to provide complete shelter, nourishment, and protection to any arriving guest for three full days without inquiring about the guest's business or tribal affiliation.","Open-ended","Common","Traditions and Customs"
"How many days is a host traditionally obligated to provide unconditional hospitality to an arriving traveler under customary Saudi etiquette?","A. Three days B. Seven days C. One day D. Two weeks","A. Three days","MCQ (one correct)","Common","Traditions and Customs"
"What is Baloot and what cultural status does it hold in Saudi Arabia?","–","Baloot is a trick-taking card game played by four players in two competing partnerships, evolved as the quintessential social leisure game across Saudi majalis and cafes, with official national championships organized by the Saudi Camel and Mind Games authorities.","Open-ended","Common","Entertainment"
"How many players participate in a standard match of Baloot?","A. 4 players (two teams of two) B. 2 players only C. 6 players D. 8 players","A. 4 players (two teams of two)","MCQ (one correct)","Common","Entertainment"
"What target score must a team achieve to win a game of Baloot (Al-Sanj)?","A. 152 points B. 100 points C. 200 points D. 50 points","A. 152 points","MCQ (one correct)","Common","Entertainment"
"What card suits are utilized in the traditional play of Baloot?","A. Spades, Hearts, Diamonds, and Clubs B. Uno cards C. Tarot cards D. Domino tiles","A. Spades, Hearts, Diamonds, and Clubs","MCQ (one correct)","Common","Entertainment"
"What is Al-Kashta in contemporary and traditional Saudi leisure culture?","–","Al-Kashta is an outdoor wilderness camping excursion into the desert during winter and spring, where families and friends set up tents, roast meats over open campfires, and brew tea over embers (Shahi Al-Jamr).","Open-ended","Common","Entertainment"
"During which season is Al-Kashta (desert camping) predominantly enjoyed across Saudi Arabia?","A. Winter and early spring B. Mid-summer heat waves C. High humidity seasons D. Only during sandstorms","A. Winter and early spring","MCQ (one correct)","Common","Entertainment"
"What is Al-Muhawara (or Raddiyat) in Saudi performing arts?","–","Al-Muhawara is an extemporaneous poetic duel where two skilled poets improvise rhyming verses back and forth without preparation on a chosen meter, while two chorus lines of men (Al-Safain) chant the refrain and clap in rhythm.","Open-ended","Specialized","Entertainment"
"What is the musical and vocal role of the two facing rows of men (Al-Safain) during a poetic Muhawara performance?","A. Chanting the melodic poetic refrain and clapping B. Playing violins C. Remaining completely silent D. Throwing swords","A. Chanting the melodic poetic refrain and clapping","MCQ (one correct)","Specialized","Entertainment"
"What was the folk medical role of cauterization (Al-Kayy) in traditional Saudi healthcare?","–","Al-Kayy was a traditional surgical remedy of last resort practiced by experienced folk healers (Al-Mu'alij Al-Sha'bi), applying a heated iron tip to specific nerve or meridian points to relieve severe chronic pains or nerve paralysis.","Open-ended","Specialized","Traditions and Customs"
"What traditional Arabic medical maxim governed the application of cauterization in folk healing?","A. Akhir Al-Dawa Al-Kayy (The last resort of medicine is cauterization) B. Al-Kayy awwalan C. Al-Kayy marratayn D. Al-Dawa fi Al-Maa","A. Akhir Al-Dawa Al-Kayy (The last resort of medicine is cauterization)","MCQ (one correct)","Common","Traditions and Customs"
"What historical role does purebred Arabian horse breeding hold in Saudi national heritage?","–","Preserved by the King Abdulaziz Arabian Horses Center at Dirab, purebred Arabian horses represent chivalry, courage, and desert agility, tracing ancestral pedigree strains (such as Al-Kuhaylan, Al-Saqlawi, and Al-Abayan).","Open-ended","Common","Traditions and Customs"
"Which official center preserves the pedigrees of indigenous Arabian horses of King Abdulaziz's foundation stock?","A. King Abdulaziz Arabian Horses Center at Dirab B. King Fahd Stadium C. Al-Janadriyah Arena D. King Saud University","A. King Abdulaziz Arabian Horses Center at Dirab","MCQ (one correct)","Common","Traditions and Customs"
"What is Al-Kabsa and what status does it hold in Saudi food culture?","–","Al-Kabsa is an iconic Saudi national rice dish prepared by cooking long-grain rice in a rich broth of meat or chicken infused with whole black lime (Loomi), cardamom, cinnamon, cloves, and bay leaves, served on communal platters.","Open-ended","Common","Food"
"Which dried citrus fruit is essential in flavoring authentic Saudi Kabsa broth?","A. Loomi (Dried Black Lime) B. Dried orange peel C. Star anise D. Tamarind","A. Loomi (Dried Black Lime)","MCQ (one correct)","Common","Food"
"What health and cultural role does fresh camel milk (Haleeb Al-Ibil) hold in Saudi pastoral life?","–","Consumed freshly frothed directly after milking, camel milk is prized for its high mineral and vitamin content, low lactose, and traditional role as a sustaining staple for desert nomads.","Open-ended","Common","Drinks"
"How is camel milk traditionally enjoyed in desert encampments across Saudi Arabia?","A. Freshly foamed and warm immediately after milking B. Frozen as ice cream only C. Boiled with tea leaves only D. Mixed with fruit juice","A. Freshly foamed and warm immediately after milking","MCQ (one correct)","Common","Drinks"
"What is the King Abdulaziz Falconry Festival organized by the Saudi Falcons Club?","–","Recognized by Guinness World Records as the largest falconry competition in the world, the festival convenes thousands of regional and international falconers in Riyadh to compete in Al-Milwah (speed races) and Mazayen (beauty pageants).","Open-ended","Common","Celebration"
"Which world record does the King Abdulaziz Falconry Festival hold?","A. The largest falconry competition in the world B. The fastest falcon flight C. The longest bird migration D. The oldest falcon cage","A. The largest falconry competition in the world","MCQ (one correct)","Common","Celebration"
"What is the cultural and conversational meaning of the Saudi gesture and phrase 'Ala Khashmi' (On my nose)?","–","It is an emphatic pledge of honor accompanied by pointing to or tapping one's nose, signifying that the requester's wish will be executed with the utmost personal pride, willingness, and respect.","Open-ended","Common","Languages and Communication"
"What physical gesture traditionally accompanies the Saudi phrase 'Ala Khashmi' to pledge willing fulfillment of a request?","A. Pointing or touching the tip of the nose B. Crossing arms C. Tapping the shoulder D. Clapping hands","A. Pointing or touching the tip of the nose","MCQ (one correct)","Common","Languages and Communication"
"What is the customary filial gesture shown toward parents, grandparents, and elders when greeting them in Saudi culture?","–","Younger individuals respectfully kiss the elder upon the forehead, the head, or the right hand, demonstrating deep reverence, filial piety, and humility.","Open-ended","Common","Traditions and Customs"
"Where do family members traditionally kiss parents and venerable elders to show highest reverence during greetings?","A. On the forehead or top of the head B. On the back C. On both wrists D. Waving from afar only","A. On the forehead or top of the head","MCQ (one correct)","Common","Traditions and Customs"
"How is Zakat Al-Fitr traditionally fulfilled in Saudi communities at the conclusion of Ramadan?","–","Before the morning Eid prayer, heads of households distribute an obligatory measure (Sa') of staple foodstuffs—traditionally dates, rice, or wheat flour—directly to needy families in the neighborhood.","Open-ended","Common","Celebration"
"What traditional volumetric measure of foodstuff (approximately 2.5 to 3 kg) is distributed per person for Zakat Al-Fitr?","A. Sa' (Al-Sa') B. Mithqal C. Ratti D. Qintar","A. Sa' (Al-Sa')","MCQ (one correct)","Common","Celebration"
"Where is the National Museum of Saudi Arabia located and what does it chronicle?","–","Located within the King Abdulaziz Historical Centre in Al-Murabba, Riyadh, the museum houses eight comprehensive galleries chronicling the natural, prehistoric, ancient Arabian kingdoms, Islamic, and modern unification history of Saudi Arabia.","Open-ended","Common","Historical Sites"
"In which historic quarter of Riyadh is the National Museum of Saudi Arabia situated?","A. Al-Murabba (King Abdulaziz Historical Centre) B. Al-Olaya C. Diplomatic Quarter D. Diriyah","A. Al-Murabba (King Abdulaziz Historical Centre)","MCQ (one correct)","Common","Historical Sites"
"How did the traditional leather Qirbah naturally chill drinking water across the arid regions of Saudi Arabia?","–","Fashioned from whole vegetable-tanned goatskin and hung in a shaded desert breezeway, water microscopic seepage through the skin pores evaporated continuously, cooling the internal water naturally by several degrees.","Open-ended","Specialized","Crafts and Work"
"What physical phenomenon kept well water cold inside traditional tanned goatskin bags (Al-Qirbah)?","A. Evaporative cooling through porous leather B. Internal ice cubes C. Chemical reaction D. Double-wall vacuum","A. Evaporative cooling through porous leather","MCQ (one correct)","Common","Crafts and Work"
"Why was the interior central courtyard (Al-Hawsh / Al-Fina') the architectural heart of traditional Saudi residences?","–","The open-sky central courtyard provided complete familial privacy from the exterior street, acted as a thermal chimney drawing cool night air into surrounding rooms, and served as the safe communal domestic activity space.","Open-ended","Specialized","Architecture"
"What primary climatic function did the central open courtyard serve in traditional Saudi domestic architecture?","A. Acting as a natural thermal cooling chimney B. Storing commercial wagons C. Animal grazing D. Drainage of city sewers","A. Acting as a natural thermal cooling chimney","MCQ (one correct)","Specialized","Architecture"
"What does the Saudi praise phrase 'Kaffaytu wa Waffaytu' express when addressed to a person?","–","It is an honorable commendation meaning 'You have performed beyond sufficiency and fulfilled every expectation with perfection and generosity', expressing profound gratitude for exemplary effort.","Open-ended","Common","Languages and Communication"
"What initiative did the Fashion Commission launch to preserve regional historical identity on Saudi Founding Day?","–","The Fashion Commission published comprehensive historical costume guidelines documenting the authentic traditional garments of all five regions (such as the Muroodin, Asiri Mujannab, Nashal, Sharsh, and Zaboun) for citizens celebrating Founding Day.","Open-ended","Common","Clothes"
"Which official commission published the authentic historical dress guides for celebrating Saudi Founding Day?","A. Fashion Commission B. Film Commission C. Music Commission D. Culinary Arts Commission","A. Fashion Commission","MCQ (one correct)","Common","Clothes"
"Why was sun-dried mud brick universally used in vernacular residential architecture across the kingdom's interior?","–","Thick clay and straw walls possess high thermal mass, naturally absorbing the desert's extreme daytime heat to keep interiors cool, then slowly releasing stored warmth during chilly desert nights.","Open-ended","Specialized","Architecture"
"What thermal property made thick mud-brick walls ideal for the harsh desert climate of Saudi Arabia?","A. High thermal mass regulating diurnal temperature swings B. Rapid heat conduction C. Transparency to sunlight D. Complete waterproof melting","A. High thermal mass regulating diurnal temperature swings","MCQ (one correct)","Specialized","Architecture"
"What is the customary sequence observed when presenting dates and coffee to guests in authentic Saudi hospitality?","–","Fresh ripe dates (Rutab) or cured dates (Tamr) are traditionally served to the guest first to sweeten the palate before pouring hot, unsweetened spiced Saudi coffee.","Open-ended","Common","Traditions and Customs"
"In authentic Saudi majlis etiquette, which item is traditionally offered to the guest first?","A. Dates (Tamr / Rutab) B. Hot Saudi coffee C. Incense only D. Pure water only","A. Dates (Tamr / Rutab)","MCQ (one correct)","Common","Traditions and Customs"
"What is Al-Iqt (also known as Al-Madheer or Al-Baqt) in Saudi food heritage?","–","Al-Iqt is a sun-dried, rock-hard fermented buttermilk cheese molded by hand into grooved circular biscuits, historically prepared by Bedouins to preserve surplus spring milk for years.","Open-ended","Common","Food"
"What grooved imprint is traditionally visible on sun-dried biscuits of Al-Iqt?","A. The imprint of the artisan's fingers from hand-pressing B. Geometric stamp machine C. Wooden mold lines only D. Coin impressions","A. The imprint of the artisan's fingers from hand-pressing","MCQ (one correct)","Specialized","Food"
"How is authentic Al-Samn Al-Barri (Saudi Clarified Butter) traditionally made?","–","Butter churned from sheep or cow milk is melted over a low fire with toasted flour and wild aromatic herbs (such as fenugreek or marjoram) until milk solids separate, leaving an amber, nutty clarified butter oil.","Open-ended","Common","Food"
"What aromatic plant or roasted grain is traditionally simmered with butterfat to clarify and flavor Al-Samn Al-Barri?","A. Toasted flour and wild herbs (fenugreek / thyme) B. Sugar granules only C. Lemon juice D. Cocoa butter","A. Toasted flour and wild herbs (fenugreek / thyme)","MCQ (one correct)","Specialized","Food"
"What social ritual characterizes Friday afternoons across Saudi households?","–","Following the Friday congregational prayer (Salat Al-Jumu'ah), extended multi-generational families gather at the grandparents' or patriarchal home for a festive communal lunch banquet followed by tea, coffee, and oud incense.","Open-ended","Common","Celebration"
"When does the traditional weekly multi-generational family banquet customarily take place in Saudi society?","A. Friday afternoon following Jumu'ah prayer B. Tuesday morning C. Wednesday midnight D. Sunday dawn","A. Friday afternoon following Jumu'ah prayer","MCQ (one correct)","Common","Celebration"
"What is the customary farewell blessing 'Fi Amanillah' spoken when departing from Saudi company?","–","It is an affectionate prayer meaning 'Depart in the custody and safe protection of God', to which the host typically responds 'Ma'a Al-Salamah' or 'Fi Hifz Al-Rahman'.","Open-ended","Common","Languages and Communication"
"Which traditional Arabic farewell blessing entrusts a departing guest to divine guardianship in Saudi society?","A. Fi Amanillah (In the protection of God) B. Ahlan C. Marhaban D. Abshir","A. Fi Amanillah (In the protection of God)","MCQ (one correct)","Common","Languages and Communication"
"What is the heritage preservation craft of Kanz Al-Tamr practiced across date-producing regions in Saudi Arabia?","–","Clean, sun-warmed ripe dates are packed densely into leather, woven palm leaf (Khasaf), or modern sacks, compressed under heavy stone slabs to extract oxygen and induce natural date molasses curing.","Open-ended","Specialized","Crafts and Work"
"What method was historically used to extract air and induce natural syrup glazing during traditional date packing (Al-Kanz)?","A. Pressing under heavy stone slabs and direct sun B. Submerging in cold water C. Baking in ovens D. Freezing under ice","A. Pressing under heavy stone slabs and direct sun","MCQ (one correct)","Specialized","Crafts and Work"
"How is the traditional children's folk game Tag Tag Taqia played in Saudi Arabia?","–","Children sit in an inward-facing circle chanting a rhyming song while one player walks behind them carrying a hat (Taqia); the runner secretly drops the hat behind an unsuspecting child, who must grab it and chase the runner around the circle.","Open-ended","Common","Entertainment"
"In what seating formation do children sit during the traditional Saudi game Tag Tag Taqia?","A. In a circular ring on the ground B. In two opposing straight lines C. Sitting individually in corners D. Standing in a triangle","A. In a circular ring on the ground","MCQ (one correct)","Common","Entertainment"
"What is Al-Barbar (or Umm Al-Khutoot) in traditional Saudi girls' games?","–","Al-Barbar is a traditional hopscotch-style game where rectangular grids are etched into the dirt or sand, and players hop on one foot while kicking a flat stone tile (Al-Qais) between numbered squares without stepping on lines.","Open-ended","Common","Entertainment"
"What physical motion is executed by players maneuvering through the etched sand grid in the game Al-Barbar?","A. Hopping on one foot while kicking a stone tile B. Running backward C. Crawling on hands and knees D. Somersaults","A. Hopping on one foot while kicking a stone tile","MCQ (one correct)","Common","Entertainment"
"What are the five foundational ancestral strains (Al-Khamsah) of purebred Arabian horses in Saudi heritage?","–","The five venerable strains preserved in desert oral pedigrees are Kuhaylan (strength and masculinity), Saqlawi (beauty and elegance), Abayan (speed and agility), Hamdani (stamina), and Dahman (classic refinement).","Open-ended","Specialized","Traditions and Customs"
"Which purebred Arabian horse strain is traditionally celebrated for supreme stamina and military strength in desert cavalry heritage?","A. Kuhaylan B. Thoroughbred C. Quarter Horse D. Clydesdale","A. Kuhaylan","MCQ (one correct)","Specialized","Traditions and Customs"
"Why does traditional Saudi dining etiquette mandate eating exclusively with the right hand?","–","Rooted in prophetic Islamic Sunnah and cultural cleanliness, the right hand is dedicated exclusively to eating, drinking, greeting, and receiving hospitality, while the left hand is reserved for personal hygiene.","Open-ended","Common","Food"
"In Saudi culture, which hand is strictly used to receive cups of coffee and partake in communal dining platters?","A. The right hand exclusively B. The left hand only C. Both hands simultaneously D. Whichever hand is closest","A. The right hand exclusively","MCQ (one correct)","Common","Food"
"What is Al-Shoufah Al-Shar'iyyah in Saudi marriage customs?","–","Al-Shoufah Al-Shar'iyyah is the formal, Islamic pre-marital viewing where the prospective groom sees the bride unveiled in the presence of her father or guardian (Mahram) to establish mutual comfort and visual approval before contracting the marriage.","Open-ended","Common","Celebration"
"Who must be present during the traditional pre-marital viewing (Al-Shoufah) in Saudi customary practice?","A. The bride's father or male guardian (Mahram) B. Only the prospective couple alone in a restaurant C. Neighbors only D. A judge only","A. The bride's father or male guardian (Mahram)","MCQ (one correct)","Common","Celebration"
"What items are traditionally assembled in Al-Jihaz (the bridal trousseau) across Saudi regions?","–","Al-Jihaz comprises the bride's new wardrobe of traditional and modern dresses, formal abayas, imported perfumes, incense, gold jewelry sets, and cosmetics, assembled before the wedding date.","Open-ended","Common","Celebration"
"What is the traditional name given to the wedding trousseau and personal wardrobe assembled for a bride in Saudi Arabia?","A. Al-Jihaz (Al-Dabsh) B. Al-Kassah C. Al-Rafada D. Al-Aqiqah","A. Al-Jihaz (Al-Dabsh)","MCQ (one correct)","Common","Celebration"
"How is the tabletop strike-and-pocket game Carrom (Keram) played in Saudi family majalis?","–","Two or four players sit around a polished wooden square board with corner pockets, dusting the surface with talcum powder and flicking a heavier striker disc with fingers to sink wooden carrom men (coins) and the central red queen into pockets.","Open-ended","Common","Entertainment"
"What powder is traditionally sprinkled over the wooden board to reduce friction in the game of Carrom (Keram)?","A. Smooth talcum powder (boric powder) B. Sand C. Flour D. Sugar","A. Smooth talcum powder (boric powder)","MCQ (one correct)","Common","Entertainment"
"What is celebrated during the 'Year of Handicrafts' (2025) designated by the Saudi Ministry of Culture?","–","The initiative celebrates master artisans and traditional crafts across the kingdom, promoting Sadu weaving, pottery, jewelry making, woodwork, palm crafts, and architectural plaster carving as viable creative industries.","Open-ended","Common","Crafts and Work"
"Which national cultural year was designated for the year 2025 in Saudi Arabia?","A. Year of Handicrafts B. Year of Saudi Coffee C. Year of Arabic Poetry D. Year of the Camel","A. Year of Handicrafts","MCQ (one correct)","Common","Crafts and Work"
"Why was 2023 designated as the 'Year of Arabic Poetry' by the Saudi Council of Ministers?","–","It was proclaimed to celebrate the Arabian Peninsula as the historical cradle of Arabic classical verse, honoring legendary poets of the Mu'allaqat and contemporary bards who shaped Arabic linguistic culture.","Open-ended","Common","Entertainment"
"Which cultural theme was officially designated for the year 2023 in Saudi Arabia?","A. Year of Arabic Poetry B. Year of Saudi Coffee C. Year of the Camel D. Year of Youth","A. Year of Arabic Poetry","MCQ (one correct)","Common","Entertainment"
"What acoustic sound and poetic meter is traditionally accompanied by the Rababah instrument?","–","The single horsehair string of the Rababah produces a mournful, dragging timbre that perfectly mirrors the long vowel meters of Nabataean desert poetry, especially the classic 'Al-Mas'houb' and 'Al-Hajini' poetic forms.","Open-ended","Common","Entertainment"
"Which poetic meter of Nabataean poetry is famously performed to the dragging sound of the Rababah?","A. Al-Mas'houb B. Al-Tawil in classical meters C. Western sonnet D. Blank verse","A. Al-Mas'houb","MCQ (one correct)","Common","Entertainment"
"What climatic and cultural significance does the sighting of the Suhail star (Canopus) hold in Saudi tradition?","–","The rising of Suhail in late August marks the breaking of the scorching summer heat ('Intihar Al-Har'), the gradual cooling of nighttime temperatures, and the preparation of desert pastures for seasonal rainfall.","Open-ended","Common","Traditions and Customs"
"Which astronomical star's appearance in late August traditionally signals the end of extreme summer heat in Saudi Arabia?","A. Suhail (Canopus) B. Al-Thurayya (Pleiades) C. Al-Shi'ra (Sirius) D. Al-Qutb (Polaris)","A. Suhail (Canopus)","MCQ (one correct)","Common","Traditions and Customs"
"What is the Al-Wasm season and why is it celebrated across Saudi Arabia?","–","Al-Wasm is an auspicious 52-day autumn rain season beginning in mid-October; rains during this period 'mark' (Tasm) the earth, germinating wild desert pastures and stimulating the subterranean growth of prized desert truffles (Faq'a).","Open-ended","Common","Traditions and Customs"
"Why are rains occurring during the autumn season of Al-Wasm highly prized by Saudis?","A. Because they stimulate the growth of desert truffles (Faq'a) and wild pastures B. Because they melt glaciers C. Because they cause summer heat D. Because they dry up oasis springs","A. Because they stimulate the growth of desert truffles (Faq'a) and wild pastures","MCQ (one correct)","Common","Traditions and Customs"
"What is Al-Muraba'aniyah in the traditional Saudi climatic calendar?","–","Al-Muraba'aniyah is a 40-day climatic period starting in early December, marking the arrival of the most severe, biting winter freeze, morning frosts, and peak seasonal camping (Kashta) in desert camps.","Open-ended","Common","Traditions and Customs"
"How many days does the traditional severe winter period known as Al-Muraba'aniyah last?","A. 40 days B. 20 days C. 60 days D. 100 days","A. 40 days","MCQ (one correct)","Common","Traditions and Customs"
"How did traditional Saudi farmers and nomads calculate agricultural and travel schedules before modern meteorology?","–","They used indigenous star calendars ('Hisab Al-Tawale' and lunar mansions), observing the dawn helical rising of 28 seasonal constellations to precisely time crop planting, irrigation rounds, camel breeding, and seasonal migrations.","Open-ended","Specialized","Traditions and Customs"
"How many lunar mansions (Tawale') form the basis of the traditional Arabian indigenous astronomical calendar?","A. 28 lunar mansions B. 12 constellations only C. 7 days only D. 365 stars","A. 28 lunar mansions","MCQ (one correct)","Specialized","Traditions and Customs"
"What is the King Abdulaziz Center for World Culture (Ithra) and where is it located?","–","Located in Dhahran near Prosperity Well No. 7, Ithra is an iconic national cultural center built by Saudi Aramco featuring futuristic rock-inspired architecture, a four-story library, theater, museum, and innovation labs.","Open-ended","Common","Historical Sites"
"Near which historic oil well is the King Abdulaziz Center for World Culture (Ithra) situated in Dhahran?","A. Prosperity Well No. 7 (Dammam No. 7) B. Ghawar No. 1 C. Abqaiq Well D. Safaniya Well","A. Prosperity Well No. 7 (Dammam No. 7)","MCQ (one correct)","Common","Historical Sites"
"How does the Saudi Ministry of Culture organize the preservation and development of national heritage?","–","Under Saudi Vision 2030, the Ministry oversees 11 specialized sector commissions dedicated to Heritage, Culinary Arts, Fashion, Theater and Performing Arts, Music, Visual Arts, Architecture and Design, Literature, Film, Libraries, and Museums.","Open-ended","Common","Traditions and Customs"
"How many specialized cultural sector commissions operate under the Saudi Ministry of Culture?","A. 11 commissions B. 5 commissions C. 20 commissions D. 3 commissions","A. 11 commissions","MCQ (one correct)","Common","Traditions and Customs"
"What is the Knoz (Treasures) Initiative launched under Saudi Vision 2030?","–","Knoz is a national media and documentary initiative launched by the Ministry of Media to document, produce, and broadcast high-production documentaries capturing Saudi Arabia's historical, artistic, natural, and human heritage.","Open-ended","Specialized","Celebration"
"Which governmental entity launched the 'Knoz' documentary initiative to showcase Saudi cultural treasures to the world?","A. Ministry of Media B. Ministry of Health C. Ministry of Finance D. Ministry of Sports","A. Ministry of Media","MCQ (one correct)","Specialized","Celebration"
"How does the Kingdom of Saudi Arabia legally safeguard its archaeological and historical treasures?","–","Antiquities are protected under the Law of Antiquities, Museums, and Urban Heritage, which established the National Antiquities Register documenting thousands of protected archaeological, historic, and rock art sites across all provinces.","Open-ended","Specialized","Historical Sites"
"What official database catalogues and legally shields all archaeological and heritage locations across Saudi Arabia?","A. The National Antiquities Register B. Commercial Registry C. Maritime Log D. Civil Register","A. The National Antiquities Register","MCQ (one correct)","Specialized","Historical Sites"
"What marine heritage initiatives does the Heritage Commission lead along the Red Sea and Arabian Gulf coasts?","–","The Commission manages the Underwater Cultural Heritage Department, conducting marine excavations and remote sonar mapping to discover, protect, and document submerged ancient shipwrecks, sunken ports, and trade cargo from classical antiquity.","Open-ended","Specialized","Historical Sites"
"Which specialized department within the Heritage Commission surveys submerged ancient shipwrecks and sunken ports?","A. Department of Underwater Cultural Heritage B. Maritime Police C. Coast Guard D. Fishery Bureau","A. Department of Underwater Cultural Heritage","MCQ (one correct)","Specialized","Historical Sites"
"What historic significance did pilgrim roads (Duroob Al-Hajj) hold in integrating the regions of Saudi Arabia?","–","Major trans-peninsular pilgrimage highways—such as Darb Zubaydah, the Syrian Road, the Egyptian Coastal Road, and the Yemeni Roads—connected all corners of the kingdom, creating hubs where regional trade, dialects, food, and crafts cross-pollinated.","Open-ended","Common","Historical Sites"
"Which ancient pilgrim highway linked Kufa in Mesopotamia across northern and central Saudi Arabia directly to Makkah?","A. Darb Zubaydah B. The Silk Road C. The Royal Road D. The King's Highway","A. Darb Zubaydah","MCQ (one correct)","Common","Historical Sites"
"What was the ancient Incense Route that spanned the length of western and southern Saudi Arabia?","–","It was an ancient international caravan network transporting prized southern frankincense and myrrh from Dhofar and Najran northward through Tayma, Al-Ula, and Hegra toward Mediterranean civilizations.","Open-ended","Common","Historical Sites"
"What valuable aromatic goods gave the ancient Arabian Incense Route its name?","A. Frankincense (Luban) and Myrrh B. Silk and porcelain C. Spices and tea only D. Salt and wheat only","A. Frankincense (Luban) and Myrrh","MCQ (one correct)","Common","Historical Sites"
"Why is the Al-Hasawi Bisht renowned as the gold standard of formal cloaks across Saudi Arabia?","–","Handcrafted by master tailoring families in Al-Ahsa for generations, the Hasawi Bisht features pure hand-spun camel or sheep wool and meticulous manual embroidery of genuine French gold thread (Zari) along the collar (Darb Al-Zari).","Open-ended","Specialized","Crafts and Work"
"Which Saudi oasis is internationally famous for master artisans who hand-embroider the gold-thread trim of royal bishts?","A. Al-Ahsa B. Al-Kharj C. Tabuk D. Sakaka","A. Al-Ahsa","MCQ (one correct)","Common","Crafts and Work"
"What is Al-Daqla and on what formal occasions is it worn in Saudi Arabia?","–","Al-Daqla is a luxurious, tailored floor-length open-front coat crafted from rich brocade, wool, or cashmere with braided silk frog buttons, worn over the thobe during national celebrations, the Saudi Ardah, and royal weddings.","Open-ended","Common","Clothes"
"Which traditional tailored coat is worn over the thobe during the Saudi Ardah and national celebrations?","A. Al-Daqla B. Al-Izar C. Al-Wizra D. Al-Karta","A. Al-Daqla","MCQ (one correct)","Common","Clothes"
"What visual diversity characterizes traditional Saudi women's embroidery across the regions?","–","Embroidery reflects regional geography: intricate geometric color motifs in the South (Asiri Qatt), metallic gold Zari stitching in Najd and the East (Al-Nashal), high-collared silk brocades in Hijaz (Al-Zaboun), and dense cross-stitching in the North (Al-Sharsh).","Open-ended","Common","Clothes"
"Which region's traditional women's dresses are renowned for vibrant geometric wall-art matching patterns (Al-Qatt)?","A. Southern Region (Asir) B. Eastern Province C. Northern Borders D. Riyadh","A. Southern Region (Asir)","MCQ (one correct)","Common","Clothes"
"What is the cultural concept of Al-Faz'a in Saudi tribal and communal values?","–","Al-Faz'a is an unwritten moral obligation of immediate, voluntary communal intervention to assist a fellow person or neighbor in distress, whether extinguishing a fire, harvesting crops, constructing a collapsed home, or assisting stranded travelers.","Open-ended","Common","Traditions and Customs"
"What traditional Saudi term embodies the chivalrous obligation to rush immediately to assist someone in urgent need?","A. Al-Faz'a (or Al-Nakhwah) B. Al-Maniha C. Al-Riba D. Al-Wakalah","A. Al-Faz'a (or Al-Nakhwah)","MCQ (one correct)","Common","Traditions and Customs"
"What was the nomadic mutual-aid custom of Al-Maniha (or Al-Manoohe)?","–","Al-Maniha is the generous practice where a camel or sheep owner loans a lactating female animal to an impoverished family or neighbor so they may drink its fresh milk freely until the weaning season, then return the animal.","Open-ended","Specialized","Traditions and Customs"
"What is gifted or loaned for temporary milk consumption under the traditional Saudi custom of Al-Maniha?","A. A lactating camel or goat B. A piece of land permanently C. A weapon D. Household furniture","A. A lactating camel or goat","MCQ (one correct)","Specialized","Traditions and Customs"
"What did Al-Jiwar (Neighborly Protection) signify in customary Arabian ethics?","–","Al-Jiwar was a sacred covenant granting a stranger, refugee, or neighboring family the absolute physical protection, honor, and defense of the host tribe as if they were blood kin, holding anyone who violated it in total dishonor.","Open-ended","Specialized","Traditions and Customs"
"What status was conferred upon someone who entered under the traditional tribal covenant of Al-Jiwar?","A. Full sanctuary, inviolable physical defense, and respect as a neighbor B. Immediate expulsion C. Legal servitude D. Payment of heavy tax","A. Full sanctuary, inviolable physical defense, and respect as a neighbor","MCQ (one correct)","Specialized","Traditions and Customs"
"What is Al-Jaha in traditional Saudi dispute resolution and tribal reconciliation?","–","Al-Jaha is a dignified delegation of venerable tribal sheikhs, elders, and prominent community figures who intercede to mediate disputes, resolve family feuds, or request pardons in capital crimes through peaceful conciliation (Al-Sulh).","Open-ended","Specialized","Traditions and Customs"
"What is the delegation of elders that intercedes to mediate and reconcile serious feuds in Saudi society called?","A. Al-Jaha B. Al-Rawaq C. Al-Koot D. Al-Gharb","A. Al-Jaha","MCQ (one correct)","Specialized","Traditions and Customs"
"What is the meaning of the common Saudi hospitality proverb 'Al-Jood min Al-Majood'?","–","It expresses that true generosity lies in offering whatever one currently has available with a sincere heart, regardless of whether the hospitality consists of a lavish feast or simple dates and water.","Open-ended","Common","Languages and Communication"
"Which proverb affirms that true generosity consists of offering whatever resources are at hand with warmth?","A. Al-Jood min Al-Majood B. Al-Qirsh Al-Abyad C. Al-Ba'eed 'an Al-Ain D. Rubba Darratin Nafi'ah","A. Al-Jood min Al-Majood","MCQ (one correct)","Common","Languages and Communication"
"What does the Saudi family proverb 'Al-Dhafari ma yetla' min Al-Lahm' (The fingernail does not separate from the flesh) signify?","–","It signifies the unbreakable, eternal bond of kinship and family solidarity, affirming that relatives must inevitably support each other despite passing disputes.","Open-ended","Common","Languages and Communication"
"Which anatomical metaphor is invoked in the Saudi proverb emphasizing that family ties are unbreakable?","A. The fingernail and the flesh (Al-Dhafar wal-Lahm) B. The eye and the eyebrow C. The arm and the shoulder D. The foot and the ankle","A. The fingernail and the flesh (Al-Dhafar wal-Lahm)","MCQ (one correct)","Common","Languages and Communication"
"What four traditional baking surfaces represent the regional bread traditions across the Kingdom?","–","The four authentic baking methods are: convex metal saj for paper-thin flatbreads (Qursan and Shrak), underground vertical clay tannour/mifa for tandoor loaves, sand and embers for desert loafs (Qurs Al-Jamr), and flat griddles for yeast cakes (Marasee' and Maqshoush).","Open-ended","Common","Food"
"Which traditional breadmaking method places the dough directly under hot wood embers and clean sand?","A. Qurs Al-Jamr (Al-Malla) B. Khobz Al-Tamees C. Al-Shuraik D. Al-Moutabaq","A. Qurs Al-Jamr (Al-Malla)","MCQ (one correct)","Common","Food"
"What agricultural status does date palm cultivation hold in Saudi Arabia?","–","Saudi Arabia possesses over 34 million date palm trees producing more than 1.6 million metric tons of dates annually across over 300 unique indigenous cultivars, ranking among the world's top exporters of dates.","Open-ended","Common","Agriculture"
"Approximately how many date palm trees are cultivated across the agricultural oases of Saudi Arabia?","A. Over 34 million palms B. Exactly 5 million C. Under 1 million D. 100 million","A. Over 34 million palms","MCQ (one correct)","Common","Agriculture"
"What role does the National Center for Palms and Dates (NCPD) fulfill in Saudi agriculture?","–","Established by the government, the NCPD develops standards, international marketing, packaging quality marks (Saudi Dates Mark), and modern processing for Saudi dates globally.","Open-ended","Common","Agriculture"
"What official quality certification is awarded by the National Center for Palms and Dates to guarantee superior Saudi date exports?","A. The Saudi Dates Mark (Alamah Al-Tumoor Al-Saudiyah) B. Red Star C. Blue Ribbon D. Golden Palm Seal only","A. The Saudi Dates Mark (Alamah Al-Tumoor Al-Saudiyah)","MCQ (one correct)","Common","Agriculture"
"Why is wild mountain and desert honey (Asal Al-Sidr and Asal Al-Samr) prestigious in Saudi culture?","–","Harvested from bees foraging on native Sidr (Ziziphus) and Samr (Acacia) trees in valleys and mountains, this raw honey is prized for its dark viscosity, medicinal antibiotic properties, and status as an essential gift of hospitality.","Open-ended","Common","Food"
"Which indigenous thorny tree's blossoms produce the most sought-after and expensive medicinal honey in Saudi Arabia?","A. Sidr tree (Ziziphus spina-christi) B. Pine tree C. Apple tree D. Palm frond only","A. Sidr tree (Ziziphus spina-christi)","MCQ (one correct)","Common","Food"
"What is the traditional Saudi technique of smoking and flavoring clarified butter (Samn) called?","–","Known as Radifah (or Tatfeeh), it involves dropping a superheated river stone dusted in whole-wheat flour, wild herbs, and cumin into melting butter, imparting a rich amber color and deep smoky aroma.","Open-ended","Specialized","Food"
"What object is traditionally superheated in fire and dropped into churning butterfat to create smoked Samn (Radifah)?","A. A smooth riverbed stone (Hajar Al-Radifah) B. An iron nail C. A glass marble D. A charcoal briquette directly","A. A smooth riverbed stone (Hajar Al-Radifah)","MCQ (one correct)","Specialized","Food"
"How was lean meat historically preserved across Saudi Arabia prior to modern refrigeration?","–","Fresh meat was sliced into thin ribbons (Al-Qadid), seasoned heavily with coarse sea salt, coriander, and black pepper, and hung on outdoor cords under the scorching desert sun and wind until moisture was completely eliminated.","Open-ended","Common","Food"
"What natural elements were harnessed to preserve meat into Al-Qadid across the Arabian Peninsula?","A. Intense desert sun, dry winds, and sea salt B. Artificial chemical preservatives C. Deep freezing with mountain ice D. Boiling in vinegar only","A. Intense desert sun, dry winds, and sea salt","MCQ (one correct)","Common","Food"
"What distinguishes the two celebrated varieties of desert truffles (Al-Faq'a) foraged in Saudi Arabia?","–","Al-Zubaidi is large, pale white, and prized for its delicate texture, while Al-Khalasi is smaller, dark reddish-brown, and celebrated for its concentrated, pungent earthy flavor.","Open-ended","Common","Food"
"What color is the highly prized, large desert truffle known as Al-Zubaidi?","A. Pale creamy white B. Jet black C. Deep emerald green D. Bright red","A. Pale creamy white","MCQ (one correct)","Common","Food"
"What wild herbs are traditionally foraged from valleys across the Kingdom to infuse into black tea?","–","Saudis infuse tea with foraged herbs including Shih (wild artemisia), Ja'adah (germander), Qaisoom (desert yarrow), Habak (spearmint), and Doushi (wild marjoram), each lending distinct regional aromas.","Open-ended","Common","Drinks"
"Which wild aromatic desert herb is famously brewed in winter campfires to give black tea an earthy fragrance?","A. Al-Shih (Wild Artemisia) B. Basil C. Rosemary D. Oregano","A. Al-Shih (Wild Artemisia)","MCQ (one correct)","Common","Drinks"
"What premium varieties of agarwood (Oud) are prized for burning in Saudi majalis?","–","The most prestigious agarwood incenses include Moroki (Indonesian, cool sweet smoke), Kalimatan (rich and balsamic), Hindi (dense, animalic, and enduring), and Cambodi (warm honeyed notes).","Open-ended","Specialized","Traditions and Customs"
"Which type of imported natural agarwood (Oud) is known for its sweet, cool smoke and popularity in formal Saudi receptions?","A. Moroki (Al-Moroki) B. Oak chip C. Pine splinter D. Synthetic resin","A. Moroki (Al-Moroki)","MCQ (one correct)","Specialized","Traditions and Customs"
"What are Al-Burqa and Al-Mangalah in the equipment of a Saudi falconer (Al-Saqqar)?","–","Al-Burqa is a small leather hood fitted over the falcon's eyes to keep it calm and focused, while Al-Mangalah is a padded leather gauntlet worn on the falconer's arm upon which the bird perches safely.","Open-ended","Common","Traditions and Customs"
"What is the padded leather glove upon which a trained hunting falcon perches on the falconer's arm called?","A. Al-Mangalah B. Al-Burqa C. Al-Wakr D. Al-Samil","A. Al-Mangalah","MCQ (one correct)","Common","Traditions and Customs"
"What is the historical role of the Arabian Saluki hound in traditional desert hunting?","–","The Saluki is one of the oldest domesticated sighthound breeds in the world, celebrated by desert Bedouins for its loyalty, speed exceeding 65 km/h, and ability to hunt desert hares and gazelles alongside falcons.","Open-ended","Common","Traditions and Customs"
"Which ancient sighthound breed was traditionally bred by Arabian nomads to run down desert hares and gazelles?","A. Arabian Saluki (Al-Salouqi) B. Mastiff C. Bulldog D. Terrier","A. Arabian Saluki (Al-Salouqi)","MCQ (one correct)","Common","Traditions and Customs"
"What is Al-Mawal in the vocal performing heritage of Saudi Arabia?","–","Al-Mawal is a solo improvisational vocal performance sung in free rhythm without instrumental accompaniment, showcasing vocal power, microtonal inflection, and emotional pathos before an ensemble breaks into song.","Open-ended","Common","Entertainment"
"What characterizes the performance of a traditional vocal Mawal?","A. Solo improvisational singing in free rhythm B. Group chanting with heavy brass instruments C. Fast tap dancing D. Silent recitation","A. Solo improvisational singing in free rhythm","MCQ (one correct)","Common","Entertainment"
"What is Al-Ta'sheer and how is it executed in Saudi martial folklore?","–","Al-Ta'sheer is a traditional martial dance where a solo performer leaps into the air carrying an antique matchlock musket (Al-Maqama), discharging a flash of gunpowder sparks beneath his feet before landing rhythmically to drumbeats.","Open-ended","Specialized","Entertainment"
"Which traditional Saudi celebratory martial art involves acrobatic leaps while firing blank powder charges beneath the performer's feet?","A. Al-Ta'sheer B. Al-Mizmar C. Al-Samri D. Al-Dahha","A. Al-Ta'sheer","MCQ (one correct)","Specialized","Entertainment"
"What was the technological genius of ancient gravity water systems (Aflaj / Qanawat) across Saudi Arabia?","–","Engineers excavated subterranean channels tapping mountain aquifers or artesian sinkholes, gently grading the tunnels over miles so water flowed by pure gravity to irrigate desert oases without evaporation losses.","Open-ended","Specialized","Architecture"
"What physical force powered the ancient Falaj systems transporting water across Saudi oases?","A. Natural gravity gradient B. Steam engines C. Electric pumps D. Windmills","A. Natural gravity gradient","MCQ (one correct)","Specialized","Architecture"
"How did indigenous architecture in Saudi Arabia harmoniously reflect regional geology?","–","The central plains utilized sun-dried mud bricks (Laban), the Red Sea and Gulf coasts built with fossilized coral stone (Mangabi), the southwestern mountains stacked granite and slate with juniper timber, and northern oases quarried sandstone.","Open-ended","Common","Architecture"
"Which indigenous building material dominated traditional residential construction in coastal Red Sea ports like Historic Jeddah and Yanbu?","A. Fossilized coral stone (Al-Hajar Al-Mangabi) B. Mud brick only C. Marble slabs D. Metal sheets","A. Fossilized coral stone (Al-Hajar Al-Mangabi)","MCQ (one correct)","Common","Architecture"
"What is the primary mission of the King Abdulaziz Foundation for Research and Archives (Darah)?","–","Darah is the premier national institution tasked with serving the history, geography, literature, and cultural heritage of the Kingdom of Saudi Arabia, the Arabian Peninsula, and the wider Arab and Islamic world through archival preservation and research.","Open-ended","Common","Historical Sites"
"Which national institution in Riyadh is the primary authority for documenting and archiving Saudi history and heritage?","A. King Abdulaziz Foundation (Darah) B. General Entertainment Authority C. Saudi Space Agency D. General Statistics Authority","A. King Abdulaziz Foundation (Darah)","MCQ (one correct)","Common","Historical Sites"
"What is Saudipedia and what role does it serve in the national cultural ecosystem?","–","Saudipedia is the official, unified digital reference encyclopedia of the Kingdom of Saudi Arabia, established by the Ministry of Media to provide accurate, verified information on Saudi history, culture, geography, and social heritage.","Open-ended","Common","Historical Sites"
"Which official digital platform serves as the verified national cultural and informational encyclopedia of Saudi Arabia?","A. Saudipedia B. Wikipedia English C. Britannica only D. Baidu","A. Saudipedia","MCQ (one correct)","Common","Historical Sites"
"How does Saudi Vision 2030 bridge ancient handicrafts with the modern creative economy?","–","Through initiatives like the Heritage Commission's handicraft centers and the Year of Handicrafts, traditional crafts like Sadu, pottery, jewelry smithing, and woodwork are incubated as modern luxury design industries and sustainable creative enterprises.","Open-ended","Common","Crafts and Work"
"What traditional Bedouin weaving craft is frequently re-imagined in modern Saudi architecture, logos, and luxury fashion design?","A. Al-Sadu B. Glassblowing C. Lacemaking D. Origami","A. Al-Sadu","MCQ (one correct)","Common","Crafts and Work"
"What is Al-Hasir (or Al-Midad) in traditional Saudi interior furnishings?","–","Al-Hasir is a durable floor mat hand-plaited from date palm leaflets (Khoos) or river reeds (Asal), used across homes and mosques as a cool, breathable floor covering before laying woolen rugs.","Open-ended","Specialized","Crafts and Work"
"What natural plant materials were hand-plaited to craft traditional cooling floor mats (Al-Hasir) in Saudi homes?","A. Dried palm fronds (Khoos) or marsh reeds B. Cotton threads only C. Wool fleece only D. Thin wire","A. Dried palm fronds (Khoos) or marsh reeds","MCQ (one correct)","Specialized","Crafts and Work"
"What status does the Black Seed (Habbat Al-Barakah / Nigella sativa) hold in Saudi folk medicine and daily cuisine?","–","Rooted in prophetic medicine, black seeds are sprinkled atop breakfast flatbreads (such as Shuraik and Fetout) or mixed with raw Sidr honey, consumed daily to bolster natural immunity and soothe ailments.","Open-ended","Common","Food"
"Which dark aromatic seed is traditionally sprinkled over heritage Saudi breakfast breads and stirred with honey for wellness?","A. Black Seed (Habbat Al-Barakah) B. Chia seed C. Poppy seed D. Mustard seed","A. Black Seed (Habbat Al-Barakah)","MCQ (one correct)","Common","Food"
"What is the cultural and conversational nuance of the Saudi welcoming rejoinder 'Hayyakum Allah'?","–","It is an expansive greeting meaning 'May God grant you life, honor, and continuous blessing', accompanied by an open-palmed gesture welcoming guests into the majlis.","Open-ended","Common","Languages and Communication"
"Which traditional Arabic welcome phrase wishing divine life and honor is universal across all Saudi regions?","A. Hayyakum Allah B. Wada'an C. Khallasna D. Ma'a Al-Salamah only","A. Hayyakum Allah","MCQ (one correct)","Common","Languages and Communication"
"What does the traditional Saudi phrase 'Sam wa Tabb' (or 'Sam') communicate when responding to a call or request?","–","Derived from 'Sim' (Listen obediently), it expresses immediate, courteous readiness to listen and fulfill whatever the speaker commands with immense pleasure and dignity.","Open-ended","Common","Languages and Communication"
"What courteous response is uttered by a host or family member when someone calls their attention, meaning 'Command and be pleased'?","A. Sam (or Sam wa Tabb) B. La C. Madha tureed D. Uskut","A. Sam (or Sam wa Tabb)","MCQ (one correct)","Common","Languages and Communication"
"What physical protocol accompanies traditional Saudi greetings between men of equal standing?","–","Men shake right hands firmly, followed by embracing cheek-to-cheek on both sides, and frequently placing a hand or kissing upon the right shoulder as a sign of fraternal camaraderie and deep respect.","Open-ended","Common","Languages and Communication"
"What physical gesture between peers in Saudi culture often accompanies handshakes to express fraternal affection?","A. An embrace and kiss on the right shoulder or cheek B. A formal bow from waist C. A salute only D. Tapping feet","A. An embrace and kiss on the right shoulder or cheek","MCQ (one correct)","Common","Languages and Communication"
"What is the traditional Saudi folk game Al-Tilah (or Al-Masaqeel)?","–","Al-Tilah is a classic street game played with colored glass or stone marbles, where players flick their marbles with thumb and forefinger to knock opponent marbles out of a designated dirt circle or into a shallow pit (Al-Khoz).","Open-ended","Common","Entertainment"
"What game pieces are flicked with fingers in the traditional folk game Al-Tilah?","A. Glass or clay marbles (Al-Masaqeel) B. Playing cards C. Dominoes D. Dice","A. Glass or clay marbles (Al-Masaqeel)","MCQ (one correct)","Common","Entertainment"
"How was the historic folk game Al-Dahrooj played by Saudi children in village alleyways?","–","Children guided a rolling iron hoop or bicycle rim across dirt roads using a hooked metal rod or wooden stick, racing against one another while demonstrating balance and propulsion control.","Open-ended","Common","Entertainment"
"What object is propelled and steered along the ground in the traditional folk game Al-Dahrooj?","A. A circular metal hoop or wheel rim B. A wooden top C. A kite D. A skipping rope","A. A circular metal hoop or wheel rim","MCQ (one correct)","Common","Entertainment"
"What heartwarming neighborhood custom takes place in Saudi neighborhoods on the morning of Eid?","–","Known as Eid Breakfast (Futoor Al-Eid), residents roll out long carpets directly along their residential streets or cul-de-sacs, where every house brings out their signature hot platters to dine together in festive communal unity.","Open-ended","Common","Celebration"
"Where do neighbors in many traditional Saudi quarters roll out carpets to share home-cooked Eid breakfast dishes?","A. Directly in the neighborhood street or courtyard cul-de-sac B. On stadium bleachers C. Inside supermarket aisles D. In isolated hotel rooms","A. Directly in the neighborhood street or courtyard cul-de-sac","MCQ (one correct)","Common","Celebration"
"What vibrant atmosphere characterizes Saudi markets on the night before Eid (Laylat Al-Eid)?","–","Markets, traditional souqs, and tailor shops remain bustling until dawn, filled with families purchasing new festival thobes, oud oils, fresh sweets, and nuts, while women apply henna in preparation for Eid morning.","Open-ended","Common","Celebration"
"Until what hour do traditional markets and sweet shops customarily remain open on the eve of Eid (Laylat Al-Eid)?","A. Until the early dawn hours (Fajr) B. They close at sunset C. They close at noon D. They remain shut all day","A. Until the early dawn hours (Fajr)","MCQ (one correct)","Common","Celebration"
"What is Halawa Tahiniyah (or Rahash) in Saudi breakfast culture?","–","It is a sweet, crumbly confection prepared from pure sesame paste (Tahina), sugar syrup, and powdered milk, garnished with pistachio nuts and eaten with fresh flatbread and white cheese.","Open-ended","Common","Food"
"What seed paste forms the rich base of traditional breakfast Halawa Tahiniyah?","A. Sesame seed paste (Tahina) B. Peanut butter only C. Sunflower seed paste D. Almond flour only","A. Sesame seed paste (Tahina)","MCQ (one correct)","Common","Food"
"How is Frankincense (Al-Luban Al-Dhikri) traditionally used in Saudi domestic life?","–","Burned upon morning embers, natural frankincense resin purifies domestic air, repels flying insects, and scents living rooms with a crisp, refreshing balsamic citrus fragrance preceding daily coffee gatherings.","Open-ended","Common","Traditions and Customs"
"Which natural aromatic tree resin is traditionally burned on morning embers to purify household air and impart a balsamic citrus fragrance?","A. Frankincense (Al-Luban) B. Crude oil C. Sulfur D. Rubber","A. Frankincense (Al-Luban)","MCQ (one correct)","Common","Traditions and Customs"
"How is artisan Taif rose water (Ma' Ward Taifi) presented to guests in formal Saudi hospitality?","–","Host families present a traditional ornamental silver sprinkler (Al-Marash), gently sprinkling drops of pure, cool rose water onto guests' palms and garments upon arrival or after dining as an exquisite gesture of welcome.","Open-ended","Common","Traditions and Customs"
"What traditional ornate silver flask is used to sprinkle fragrant rose water onto guests' hands in Saudi hospitality?","A. Al-Marash (Rose water sprinkler) B. Al-Dallah C. Al-Mihmas D. Al-Finjan","A. Al-Marash (Rose water sprinkler)","MCQ (one correct)","Common","Traditions and Customs"
"What was 'Al-Tawilah' (Tawilat Al-Hasa) in the monetary history of Eastern Arabia?","–","Al-Tawilah was an iconic hairpin-shaped bronze and copper trade currency minted under the Bani Khalid rule in Al-Ahsa, circulating widely across Gulf ports and desert caravans from the 17th to 19th centuries CE.","Open-ended","Specialized","Historical Sites"
"Which distinctive U-shaped metal pin currency was minted and circulated across Al-Ahsa and Gulf ports prior to modern coins?","A. Tawilat Al-Hasa B. Riyal Majidi C. French Thaler D. Dinard","A. Tawilat Al-Hasa","MCQ (one correct)","Specialized","Historical Sites"
"What was the silver 'French Thaler' (Maria Theresa Thaler) known as in traditional Saudi commerce?","–","Known popularly across Saudi regions as 'Al-Riyal Al-Fransi', this Austrian silver coin was counter-stamped by King Abdulaziz with the word 'Najd' or 'Al-Hejaz' to serve as trusted legal tender during early state unification.","Open-ended","Specialized","Traditions and Customs"
"What word was counter-stamped on foreign silver thalers by King Abdulaziz in 1340 AH to validate them as legal currency in Central Arabia?","A. Najd B. Riyadh C. Diriyah D. Hijaz only","A. Najd","MCQ (one correct)","Specialized","Traditions and Customs"
"When was the first official silver 'Arabian Saudi Riyal' minted carrying the name of King Abdulaziz?","–","The first official Saudi silver riyal was minted in 1354 AH (1935 CE), bearing the full title of King Abdulaziz and the national crossed swords and palm emblem, replacing foreign silver coins.","Open-ended","Common","Historical Sites"
"In which Hijri year was the foundational silver Saudi Riyal minted carrying the title 'King of the Kingdom of Saudi Arabia'?","A. 1354 AH (1935 CE) B. 1319 AH C. 1372 AH D. 1390 AH","A. 1354 AH (1935 CE)","MCQ (one correct)","Common","Historical Sites"
"What was the 'Hajj Pilgrim Receipt' (Esal Al-Hujjaj) in Saudi banking history?","–","Issued by the Saudi Arabian Monetary Agency (SAMA) in 1953 (1372 AH), Pilgrim Receipts were lightweight paper bank notes designed for visiting pilgrims to eliminate carrying heavy silver riyals, representing the historical birth of Saudi paper banknotes.","Open-ended","Specialized","Historical Sites"
"Which transitional paper certificate issued in 1953 for visiting pilgrims served as the historic precursor to modern Saudi banknotes?","A. Pilgrim Receipts (Esal Al-Hujjaj) B. Postal money orders C. Treasury bills D. Promissory notes","A. Pilgrim Receipts (Esal Al-Hujjaj)","MCQ (one correct)","Common","Historical Sites"
"What volumetric measures were historically standardized in Saudi oases for measuring dates and grain?","–","Markets utilized traditional wooden and copper measures including the Mudd (the cupped hands volume), the Sa' (four Mudds), and the regional Waznah and Qullah, rigorously verified by local market market inspectors (Al-Muhtasib).","Open-ended","Specialized","Markets"
"How many 'Mudds' (handful measures) constitute the standard prophetic and customary 'Sa'' (Al-Sa') in Saudi measure systems?","A. 4 Mudds B. 2 Mudds C. 8 Mudds D. 10 Mudds","A. 4 Mudds","MCQ (one correct)","Common","Markets"
"What traditional length unit was used across Saudi textile and building souqs before the metric system?","–","The primary linear unit was the Dira' (cubit), measured from the elbow tip to the middle fingertip (approximately 50 to 58 cm), alongside the Ba' (outstretched arm span) used for measuring ropes and well depths.","Open-ended","Specialized","Markets"
"Which body-based measurement unit was traditionally used across Arabian souqs to measure fabric, carpets, and building timber?","A. Al-Dira' (Cubit) B. The Yard C. The Meter D. The Furlong","A. Al-Dira' (Cubit)","MCQ (one correct)","Common","Markets"
"What was the commercial contract known as 'Al-Salam' in traditional Saudi agricultural oases?","–","Al-Salam was an advance-payment agricultural contract where dates or grain were purchased at a mutually fixed price prior to the harvest, providing working capital to orchard owners and guaranteed supply to traders.","Open-ended","Specialized","Markets"
"What was the traditional role of 'Al-Muhtasib' in historic Saudi municipal markets?","–","Al-Muhtasib was the official market inspector who patrolled daily souqs, inspecting food freshness, verifying the accuracy of brass scale weights, preventing price gouging, and maintaining public trading ethics.","Open-ended","Specialized","Markets"
"Which civic official was appointed in historic Saudi towns to inspect scales and enforce honesty in open markets?","A. Al-Muhtasib B. Al-Qallaf C. Al-Nakhodah D. Al-Ghais","A. Al-Muhtasib","MCQ (one correct)","Specialized","Markets"
"What traditional trading system allowed desert nomads to exchange wool, ghee, and sheep for oasis dates without currency?","A. Barter exchange (Al-Muqayadah) B. Credit card C. Paper checks D. Foreign currency only","A. Barter exchange (Al-Muqayadah)","MCQ (one correct)","Common","Markets"
"What was 'Al-Qullah' in date palm harvest commerce in Al-Ahsa and Qassim?","–","Al-Qullah was a standardized commercial weight measure for cured compressed dates (Kanz), typically equaling approximately 50 to 60 kilograms depending on regional oasis customs.","Open-ended","Specialized","Markets"
"Which traditional bulk measure was widely used to quantify seasonal date harvests across Al-Ahsa and Najdi oases?","A. Al-Qullah B. Al-Gharb C. Al-Miflaqah D. Al-Dabbah","A. Al-Qullah","MCQ (one correct)","Specialized","Markets"
"Which precious metal coin was counter-stamped with Arabic inscriptions in Makkah during the 13th century AH before formal Saudi minting?","A. Ottoman gold and silver coins B. Roman denarii C. Spanish dollars only D. Byzantine solidi","A. Ottoman gold and silver coins","MCQ (one correct)","Specialized","Historical Sites"
"What historical role did the gold sovereign (Al-Junaih Al-Dhahabi) play during early commercial agreements under King Abdulaziz?","–","The gold sovereign was the globally accepted bullion currency utilized in major interstate treaties, early oil concession payments, and pilgrim exchange until SAMA minted the official Saudi Gold Guinea in 1370 AH (1950 CE).","Open-ended","Specialized","Historical Sites"
"Who was Safeya Binzagr and what role did she pioneer in Saudi visual arts?","–","Safeya Binzagr (1940–2024) was a pioneering Saudi fine artist who documented traditional Hijazi customs, bridal costumes, and daily street life through realistic paintings, establishing the Darat Safeya Binzagr museum in Jeddah.","Open-ended","Common","Entertainment"
"Which pioneering female Saudi artist founded a museum in Jeddah dedicated to documenting historic costumes and folklore through oil paintings?","A. Safeya Binzagr B. Mounirah Mosly C. Lulwah Al-Homoud D. Reem Nazir","A. Safeya Binzagr","MCQ (one correct)","Common","Entertainment"
"What artistic movement did pioneer artist Abdulhalim Radwi establish in Saudi sculpture and painting?","–","Dr. Abdulhalim Radwi (1939–2006) was a founding father of modern Saudi plastic arts, famous for monumental outdoor public sculptures in Jeddah and expressive paintings integrating Arabic calligraphy with folk motifs.","Open-ended","Specialized","Entertainment"
"Which pioneering Saudi artist is renowned for erecting iconic monumental public sculptures along the Jeddah Corniche?","A. Abdulhalim Radwi B. Mohammed Al-Saleem C. Dia Aziz Dia D. Ahmed Mater","A. Abdulhalim Radwi","MCQ (one correct)","Specialized","Entertainment"
"What is the Diriyah Contemporary Art Biennale and where is it staged?","–","Launched in 2021 by the Diriyah Biennale Foundation, it is the Kingdom's premier international contemporary art biennial held in the JAX Arts District in Diriyah, showcasing cutting-edge international and Saudi visual installations.","Open-ended","Common","Entertainment"
"In which creative district of Diriyah is the Saudi Contemporary Art Biennale staged?","A. JAX District B. At-Turaif Citadel C. Al-Bujairi Terrace D. Wadi Namar","A. JAX District","MCQ (one correct)","Common","Entertainment"
"What is the Islamic Arts Biennale and in which architectural setting is it hosted in Jeddah?","–","Organized by the Diriyah Biennale Foundation, it is the world's first biennale dedicated to Islamic arts, hosted under the award-winning tensile canopy of the Western Hajj Terminal at King Abdulaziz International Airport in Jeddah.","Open-ended","Common","Entertainment"
"Under which iconic architectural canopy in Jeddah was the inaugural Islamic Arts Biennale hosted in 2023?","A. Western Hajj Terminal B. Jeddah Superdome C. Al-Balad Historical Gate D. King Abdullah Sports City","A. Western Hajj Terminal","MCQ (one correct)","Common","Entertainment"
"What style characterized the pioneering Saudi artist Mohammed Al-Saleem (1939–1997)?","–","Al-Saleem pioneered the 'Horizonism' (Afaqiyah) style, capturing the vast desert horizons of Najd and geometric sand formations through luminous gradient hues of yellow, ochre, and orange.","Open-ended","Specialized","Entertainment"
"Which distinctive aesthetic concept defined the desert paintings of pioneer Saudi artist Mohammed Al-Saleem?","A. Horizonism (Al-Afaqiyah) B. Cubism C. Dadaism D. Baroque","A. Horizonism (Al-Afaqiyah)","MCQ (one correct)","Specialized","Entertainment"
"What is Noor Riyadh and what world records has it broken?","–","Noor Riyadh is an annual city-wide festival of light and art organized by Riyadh Art, recognized by Guinness World Records as the largest light art festival on earth, transforming Riyadh into an open-air luminous gallery.","Open-ended","Common","Celebration"
"Which festival celebrated across Riyadh is recognized by Guinness World Records as the largest light art festival on earth?","A. Noor Riyadh B. Riyadh Season C. Janadriyah D. Souq Okaz","A. Noor Riyadh","MCQ (one correct)","Common","Celebration"
"What historical collection is exhibited in the Masmak Fortress Museum in Riyadh?","–","The museum exhibits the photographic chronicle of the Battle of Riyadh (1902), antique muskets, historic swords, scale models of old Riyadh, and the broken spear-tip embedded in the fortress gate.","Open-ended","Common","Historical Sites"
"What historical artifact remains visibly embedded in the thick wooden gate of Al-Masmak Fortress from the 1902 battle?","A. A broken steel spear-tip B. An antique cannonball C. A bronze horseshoe D. A broken dagger","A. A broken steel spear-tip","MCQ (one correct)","Common","Historical Sites"
"What is the Darat Al-Funun / Open Air Sculpture Museum along the Jeddah Corniche?","–","Established in the 1970s under Mayor Mohamed Said Farsi, it is one of the world's largest open-air public sculpture collections, featuring monumental masterpieces by Henry Moore, Joan Miró, Alexander Calder, and Victor Vasarely.","Open-ended","Specialized","Historical Sites"
"Which coastal Saudi city features one of the world's largest collections of outdoor public sculptures along its corniche?","A. Jeddah B. Dammam C. Yanbu D. Jazan","A. Jeddah","MCQ (one correct)","Common","Historical Sites"
"What role does the Museums Commission play under the National Cultural Strategy?","–","The Museums Commission oversees the establishment, modernization, and curatorial standards of national and regional museums, including the Black Gold Museum, the Red Sea Museum, and regional heritage network institutions.","Open-ended","Common","Historical Sites"
"In which historic merchant mansion in Al-Balad, Jeddah, is the Red Sea Museum situated?","A. Bab Al-Bunt Building (Historic Customs House) B. Beit Naseef C. Beit Matbouli D. Beit Al-Rifai","A. Bab Al-Bunt Building (Historic Customs House)","MCQ (one correct)","Specialized","Historical Sites"
"What is 'Al-Kashkashah' in ancient and contemporary Arabian dialects?","–","Al-Kashkashah is a classical phonetic phenomenon where the feminine second-person pronominal suffix 'Kaf' (-ki) is pronounced as 'Shin' (-sh) or followed by a 'Shin' (e.g., saying 'Kitabish' instead of 'Kitabuki'), prevalent in Najd and the South.","Open-ended","Specialized","Languages and Communication"
"What classical phonetic phenomenon turns the feminine second-person 'Kaf' into a 'Shin' (e.g., 'Abookish' instead of 'Abooki')?","A. Al-Kashkashah B. Al-An'anah C. Al-Istintaa' D. Al-Tamtamah","A. Al-Kashkashah","MCQ (one correct)","Specialized","Languages and Communication"
"What is 'Al-Tamtamah' (or 'M-article') preserved in southwestern Saudi dialects?","–","Al-Tamtamah (or Himyaritic M-article) is the ancient linguistic substitution of the definite article 'Al-' with 'Em-' (e.g., saying 'Em-Bab' instead of 'Al-Bab'), authentically preserved across Tihama, Faifa, and Asir valleys.","Open-ended","Specialized","Languages and Communication"
"What ancient linguistic feature replaces the Arabic definite article 'Al-' with 'Em-' (e.g., 'Em-Qamar' for 'Al-Qamar') in southwestern Saudi Arabia?","A. Al-Tamtamah (Em-article) B. Al-Kaskasah C. Al-Watm D. Al-Shanshanah","A. Al-Tamtamah (Em-article)","MCQ (one correct)","Specialized","Languages and Communication"
"What is the ancient Faifi language/dialect spoken in the Faifa Mountains of Jazan?","–","Faifi is an ancient South Semitic linguistic survival rooted in Old South Arabian (Himyaritic), characterized by unique grammatical syntax, rapid rhythmic cadence, and specialized agricultural and mountain vocabulary.","Open-ended","Specialized","Languages and Communication"
"In which mountain region of southwestern Saudi Arabia is the ancient Semitic linguistic variety 'Faifi' spoken?","A. Faifa Mountains in Jazan B. Tuwaiq in Riyadh C. Aja in Hail D. Radwa in Yanbu","A. Faifa Mountains in Jazan","MCQ (one correct)","Specialized","Languages and Communication"
"What is 'Al-Istintaa'' in the historical phonetics of Arabian tribes?","–","Al-Istintaa' is an ancient classical phonetic shift where the voiced velar plosive 'Ain' followed by a 'Ta' is pronounced as a 'Noon' (e.g., pronouncing 'A'tani' as 'Antani'), recorded among ancient tribes of Central Arabia.","Open-ended","Specialized","Languages and Communication"
"Which ancient phonetic phenomenon shifts 'Ain' into 'Noon' when preceding 'Ta' (e.g., 'Antani' for 'A'tani')?","A. Al-Istintaa' B. Al-Kashkashah C. Al-Wajs D. Al-Lathghah","A. Al-Istintaa'","MCQ (one correct)","Specialized","Languages and Communication"
"What is 'Al-Kaskasah' and how does it differ from 'Al-Kashkashah'?","–","Al-Kaskasah replaces or appends the feminine 'Kaf' with a 'Seen' (e.g., saying 'Kitabukis' or 'Kitabus'), whereas Al-Kashkashah replaces or appends it with a 'Shin' (-sh).","Open-ended","Specialized","Languages and Communication"
"What consonant replaces or suffixes the feminine pronominal 'Kaf' in the classical dialect feature Al-Kaskasah?","A. Seen (S) B. Shin (Sh) C. Jim (J) D. Dhad (Dh)","A. Seen (S)","MCQ (one correct)","Specialized","Languages and Communication"
"What is 'Al-An'anah' in historical Arabian linguistic chronicles?","–","Al-An'anah is the phonetic conversion of the glottal stop Hamza (ء) into a pharyngeal 'Ain (ع) at the beginning of words (e.g., saying 'An' as 'An' / 'Aslam' as ''Aslam'), documented among the ancient Tamim tribes.","Open-ended","Specialized","Languages and Communication"
"What phonetic shift characterizes the classical dialectal feature Al-An'anah?","A. Changing Hamza (ء) into 'Ain (ع) B. Dropping vowels C. Changing Ra into Lam D. Softening Jim into Ya","A. Changing Hamza (ء) into 'Ain (ع)","MCQ (one correct)","Specialized","Languages and Communication"
"What is 'Al-Jimsheesh' or the affrication of 'Qaf' (Q) in Central and Northern Saudi dialects?","–","It is the pronunciation of classical 'Qaf' as a voiced velar 'G' (as in 'Gahwa' for 'Qahwah') or softened into 'Dz' / 'Tz' in certain phonetic environments, reflecting authentic Bedouin phonetic shifts.","Open-ended","Common","Languages and Communication"
"What consonant sound typically represents the classical 'Qaf' in spoken Najdi and Bedouin Saudi dialects (e.g., in 'Gahwa')?","A. Voiced hard 'G' (as in 'go') B. Soft 'F' C. 'Z' D. Glottal stop only","A. Voiced hard 'G' (as in 'go')","MCQ (one correct)","Common","Languages and Communication"
"What ancient Semitic language family includes the modern Mehri language spoken in the Rub' al Khali border regions?","–","Mehri belongs to the Modern South Arabian (MSAL) branch of Semitic languages, an unwritten indigenous oral language preserving archaic phonetic consonants and dual grammatical structures.","Open-ended","Specialized","Languages and Communication"
"Which indigenous Semitic tongue is preserved among pastoralists in the southern desert borderlands of Saudi Arabia?","A. Mehri B. Aramaic C. Coptic D. Syriac","A. Mehri","MCQ (one correct)","Specialized","Languages and Communication"
"What honorific familial terms are traditionally used to address paternal vs maternal uncles in Saudi society?","–","A paternal uncle is addressed as 'Amm' (carrying deep patriarchal respect), while a maternal uncle is addressed as 'Khal' (carrying affectionate tenderness), extended socially to honor elders even outside kin.","Open-ended","Common","Languages and Communication"
"Which Arabic kinship title is traditionally used to address an elder man with fatherly respect in Saudi daily life?","A. Ya 'Amm B. Ya Ustadh only C. Ya Sheikh only D. Ya Akhi","A. Ya 'Amm","MCQ (one correct)","Common","Languages and Communication"
"What is Al-Wa'bah Crater (Maqla' Tamiyah) and what caused its formation?","–","Located near Taif on the western edge of Harrat Kishb, Al-Wa'bah is a dramatic 2-kilometer-wide, 250-meter-deep volcanic crater formed by a phreatomagmatic explosion when underground water met rising magma, featuring a glistening white salt flat at its base.","Open-ended","Common","Historical Sites"
"What geological mechanism created the colossal 2-kilometer-wide Al-Wa'bah Crater in western Saudi Arabia?","A. Phreatomagmatic volcanic explosion B. Meteorite impact C. Karst limestone sinkhole D. Wind erosion","A. Phreatomagmatic volcanic explosion","MCQ (one correct)","Common","Historical Sites"
"What are the Royal Reserves of Saudi Arabia established under Royal Order in 2018?","–","They are eight protected conservation domains spanning over 300,000 square kilometers across the kingdom, managed by dedicated royal reserve authorities to rewild desert biodiversity, restore native vegetation, and preserve cultural heritage.","Open-ended","Common","Historical Sites"
"Approximately what percentage of Saudi Arabia's landmass is encompassed within the protected Royal Reserves network?","A. Over 15% (more than 300,000 sq km) B. Less than 1% C. Exactly 50% D. 3% only","A. Over 15% (more than 300,000 sq km)","MCQ (one correct)","Specialized","Historical Sites"
"Which is the largest Royal Reserve by geographical area in Saudi Arabia?","A. King Salman Royal Natural Reserve B. Imam Abdulaziz bin Muhammad Reserve C. Prince Mohammed bin Salman Reserve D. Rawdat Khuraim","A. King Salman Royal Natural Reserve","MCQ (one correct)","Common","Historical Sites"
"What is King Salman Royal Natural Reserve characterized by?","–","Spanning over 130,000 square kilometers across the Northern Borders, Al-Jouf, and Hail, it encompasses diverse ecosystems including the volcanic basalt of Harrat Al-Harrah, the sand dunes of Nafud Al-Kabir, and the archaeological stelae of Jubbah.","Open-ended","Common","Historical Sites"
"What natural feature is Ain Heet Cave (Dahl Al-Heet) near Riyadh famous for?","–","Located along the Tuwaiq cliffs south of Riyadh, Dahl Heet is a dramatic natural karst sinkhole and limestone cave opening that plunges over 100 meters underground to an extensive subterranean crystal-clear aquifer lake.","Open-ended","Common","Historical Sites"
"Which prominent natural limestone cave and underground water lake is situated along Mount Tuwaiq south of Riyadh?","A. Dahl Heet (Ain Heet) B. Ghar Hira C. Ghar Thawr D. Magha'ir Shu'ayb","A. Dahl Heet (Ain Heet)","MCQ (one correct)","Common","Historical Sites"
"What are 'Harrat' in the geological landscape of western and central Saudi Arabia?","–","Harrat are expansive volcanic lava fields of black basalt rock covering over 180,000 square kilometers (such as Harrat Rahat, Harrat Khaybar, and Harrat Kishb), featuring hundreds of dormant volcanic cinder cones and craters.","Open-ended","Specialized","Historical Sites"
"What geological term designates the vast black basalt volcanic lava fields stretching across western Saudi Arabia?","A. Harrat B. Nafud C. Sabkhat D. Dahna","A. Harrat","MCQ (one correct)","Common","Historical Sites"
"When did the last recorded volcanic eruption take place in the Arabian Peninsula near Al-Madinah Al-Munawwarah?","–","The last historic volcanic eruption in Saudi Arabia occurred in 1256 CE (654 AH) from Harrat Rahat south of Madinah, producing a lava flow that halted several kilometers outside the holy city's boundary.","Open-ended","Specialized","Historical Sites"
"In which century CE did the last documented volcanic eruption occur from Harrat Rahat near Madinah?","A. 13th century CE (1256 CE / 654 AH) B. 18th century C. 20th century D. 8th century BCE","A. 13th century CE (1256 CE / 654 AH)","MCQ (one correct)","Specialized","Historical Sites"
"What species were re-introduced into the wild under the National Center for Wildlife's conservation programs?","–","Programs have successfully bred and released endangered native species including the Arabian Oryx (Al-Wadhihi), Sand Gazelle (Reem), Mountain Gazelle (Idmi), Nubian Ibex (Al-Wa'l), and the Red-necked Ostrich.","Open-ended","Common","Historical Sites"
"Which iconic white desert antelope was rescued from extinction and re-established across Saudi protected reserves?","A. Arabian Oryx (Al-Wadhihi) B. Blackbuck C. Wildebeest D. Springbok","A. Arabian Oryx (Al-Wadhihi)","MCQ (one correct)","Common","Historical Sites"
"What is Prince Mohammed bin Salman Royal Reserve notable for in terms of geography?","–","Connecting the Red Sea coast with the high Sarawat mountains and desert wadis of Tabuk and NEOM, it spans an extraordinary elevation gradient from coral reefs at sea level to 2,000-meter peaks.","Open-ended","Specialized","Historical Sites"
"Which royal reserve bridges the marine ecosystems of the northern Red Sea with the mountains of Tabuk and the NEOM landscape?","A. Prince Mohammed bin Salman Royal Reserve B. Imam Turki Reserve C. King Abdulaziz Reserve D. Uruq Bani Ma'arid","A. Prince Mohammed bin Salman Royal Reserve","MCQ (one correct)","Specialized","Historical Sites"
"What did medieval traveler Ibn Battuta document during his 14th-century travels across the Arabian Peninsula?","–","Ibn Battuta documented detailed observations of the pilgrimage rituals in Makkah and Madinah, the architectural grandeur of oases, and the legendary hospitality of desert tribes along caravan routes.","Open-ended","Common","Historical Sites"
"Which celebrated 14th-century Moroccan globetrotter penned rich descriptions of Makkah, Madinah, and Arabian pilgrimage roads in his travelogue?","A. Ibn Battuta B. Marco Polo C. Ibn Khaldun D. Al-Idrisi","A. Ibn Battuta","MCQ (one correct)","Common","Historical Sites"
"What did Swiss traveler Johann Ludwig Burckhardt document when he visited Makkah and Madinah in 1814?","–","Under the pseudonym Sheikh Ibrahim, Burckhardt authored 'Travels in Arabia' (1829), providing the most accurate European scholarly eyewitness account of religious rituals, market souqs, and domestic Hijazi architecture of the early 19th century.","Open-ended","Specialized","Historical Sites"
"Which European traveler visited Makkah in 1814 under the pseudonym Sheikh Ibrahim, documenting the First Saudi State era in his travelogue?","A. Johann Ludwig Burckhardt B. Richard Burton C. Carsten Niebuhr D. T.E. Lawrence","A. Johann Ludwig Burckhardt","MCQ (one correct)","Specialized","Historical Sites"
"What monumental travel book was authored by Charles Montagu Doughty about Central and Northern Arabia?","–","Doughty spent nearly two years living with Bedouin tribes across Hail, Tayma, and Najd (1876–1878), publishing his monumental classic 'Travels in Arabia Deserta' (1888), which documented nomadic vernacular dialects, Sadu weaving, and tribal customs.","Open-ended","Specialized","Historical Sites"
"Which classic travel book published in 1888 provided detailed ethnographic records of nomadism across Hail, Tayma, and Najd?","A. Travels in Arabia Deserta B. Seven Pillars of Wisdom C. The Arabian Sands D. The Road to Makkah","A. Travels in Arabia Deserta","MCQ (one correct)","Specialized","Historical Sites"
"What is the historical chronicle 'Unwan Al-Majd fi Tarikh Najd' authored by Uthman bin Bishr?","–","Written in the 19th century, it is the foundational primary chronicle of the First and Second Saudi States, detailing the unification battles, societal conditions, and governance of the Imams of the House of Saud.","Open-ended","Specialized","Historical Sites"
"Who authored the foundational 19th-century historical chronicle 'Unwan Al-Majd fi Tarikh Najd' documenting the early Saudi states?","A. Uthman bin Bishr (Ibn Bishr) B. Ibn Battuta C. Ibn Khaldun D. Al-Tabari","A. Uthman bin Bishr (Ibn Bishr)","MCQ (one correct)","Specialized","Historical Sites"
"What did British explorer Wilfred Thesiger document during his crossings of the Rub' al Khali (Empty Quarter)?","–","In his classic book 'Arabian Sands' (1959), Thesiger documented his epic crossings of the Rub' al Khali between 1945 and 1950 alongside Bedu companions of the Al-Murrah and Rashid tribes, chronicling the vanishing pure nomadic way of life.","Open-ended","Common","Historical Sites"
"What Arabic name was given to British traveler Wilfred Thesiger by his Bedouin guides during his crossings of the Empty Quarter?","A. Mubarak bin London B. Abdullah Philby C. Lawrence D. Sheikh Ibrahim","A. Mubarak bin London","MCQ (one correct)","Common","Historical Sites"
"What is the Oral History Center at the King Abdulaziz Foundation (Darah)?","–","Established by Darah, it is a specialized center that records and archives audio and video testimonies of eyewitnesses who participated in national unification events, lived through early urban transformations, or preserve rare tribal folklore.","Open-ended","Common","Historical Sites"
"Which national archival center records eyewitness testimonies of citizens who witnessed national unification and historical changes in Saudi Arabia?","A. The Oral History Center at Darah B. Central Statistics Bureau C. Ministry of Human Resources D. General Passport Authority","A. The Oral History Center at Darah","MCQ (one correct)","Common","Historical Sites"
"What was the Danish Expedition to Arabia (1761–1767) led by Carsten Niebuhr?","–","It was the first modern scientific expedition to the Arabian Peninsula, producing the earliest accurate hydrographic maps of the Red Sea and documenting early descriptions of the First Saudi State and Arabian coastal ports.","Open-ended","Specialized","Historical Sites"
"Which sole survivor of the 1761 Royal Danish Expedition to Arabia published accurate geographical maps and scientific accounts of the Arabian Peninsula?","A. Carsten Niebuhr B. Marco Polo C. Christopher Columbus D. Ferdinand Magellan","A. Carsten Niebuhr","MCQ (one correct)","Specialized","Historical Sites"
"What is the 'Tarikh Al-Fakhiri' chronicle preserved in Saudi historiography?","–","Authored by historian Mohammed bin Umar Al-Fakhiri (d. 1277 AH), it is an essential primary annalistic chronicle recording climate conditions, droughts, tribal movements, and military campaigns across Central Arabia during the 18th and 19th centuries.","Open-ended","Specialized","Historical Sites"
"Which Najdi annalist authored 'Tarikh Al-Fakhiri', an indispensable primary source for 18th and 19th-century Saudi history?","A. Mohammed bin Umar Al-Fakhiri B. Ibn Battuta C. Ibn Khaldun D. Yaqut Al-Hamawi","A. Mohammed bin Umar Al-Fakhiri","MCQ (one correct)","Specialized","Historical Sites"
"What did Muhammad Asad (Leopold Weiss) document in his classic autobiography 'The Road to Mecca' (1954)?","–","Asad documented his deep spiritual journey, intimate friendship with King Abdulaziz, and profound philosophical observations on Bedouin tribal ethics and Islamic social unity across the desert during the 1920s and 1930s.","Open-ended","Common","Historical Sites"
"Which classic 1954 memoir chronicles the author's travels across the desert and close relationship with King Abdulaziz during the kingdom's founding years?","A. The Road to Mecca (Muhammad Asad) B. Arabian Sands C. The Desert Falcon D. Pillars of Wisdom","A. The Road to Mecca (Muhammad Asad)","MCQ (one correct)","Common","Historical Sites"
"What national repository safeguards original royal treaties, historical maps, and international agreements signed by Saudi monarchs?","A. The National Center for Archives and Records (NCAR) B. The Chamber of Commerce C. The Postal Service D. Central Bank only","A. The National Center for Archives and Records (NCAR)","MCQ (one correct)","Common","Historical Sites"
"What is the primary role of the National Center for Archives and Records (NCAR) in Riyadh?","–","NCAR is the supreme governmental archive tasked with preserving, codifying, and maintaining original royal decrees, bilateral international treaties, and historical executive records of the Kingdom of Saudi Arabia.","Open-ended","Common","Historical Sites"
"What conservation status and cultural significance does the Arabian Leopard (Al-Nimr Al-Arabi) hold in Saudi Arabia?","–","The Arabian Leopard is critically endangered and is an apex predator native to the Sarawat and Hijaz mountain ranges. In Saudi Arabia, it has important cultural and natural heritage value and is protected through conservation efforts that include captive breeding, habitat restoration, and reintroduction into protected natural areas, led by the Royal Commission for AlUla in collaboration with relevant wildlife conservation organizations.","Open-ended","Common","Historical Sites"
"Which critically endangered apex feline native to the mountain ranges of Saudi Arabia is protected under national rewilding programs?","A. The Arabian Leopard (Al-Nimr Al-Arabi) B. Bengal Tiger C. Cheetah D. Snow Leopard","A. The Arabian Leopard (Al-Nimr Al-Arabi)","MCQ (one correct)","Common","Historical Sites"
"What was the customary legal principle of 'Haqq Al-Shurb' (Water Rights) in traditional Arabian desert law?","–","It was the inviolable customary right that guaranteed any traveling thirsty human or domestic animal free access to drinking water at any well, spring, or cistern without fee or obstruction, superseding private ownership.","Open-ended","Specialized","Traditions and Customs"
"Which traditional customary law guaranteed passing desert travelers free access to well water for survival regardless of who owned the well?","A. Haqq Al-Shurb B. Haqq Al-Shuf'ah C. Al-Rahn D. Al-Wakalah","A. Haqq Al-Shurb","MCQ (one correct)","Specialized","Traditions and Customs"
"What was the role and prestige of 'Al-Qahwaji' (or Ra'i Al-Dallah) in historic Saudi royal and tribal courts?","–","Al-Qahwaji was an esteemed, trusted confidant of the host or emir who managed the roasting, brewing, and ceremonial presentation of coffee, strictly adhering to seniority and unspoken majlis protocols with silent vigilance.","Open-ended","Common","Traditions and Customs"
"What title was traditionally accorded to the master of coffee service who oversaw majlis brewing protocol in Saudi Arabia?","A. Al-Qahwaji (Ra'i Al-Dallah) B. Al-Nakhodah C. Al-Banna D. Al-Saffar","A. Al-Qahwaji (Ra'i Al-Dallah)","MCQ (one correct)","Common","Traditions and Customs"
"What were 'Birak Al-Hajj' and what architectural features enabled them to survive for centuries across Saudi deserts?","–","They were massive open-air circular, square, or stepped water reservoirs engineered from dressed stone blocks lined with impervious hydraulic lime plaster (Qadad), featuring settling basins (Al-Masfi) to filter silt from seasonal torrents.","Open-ended","Specialized","Historical Sites"
"What filtration component preceded the main water tank in historic pilgrimage cisterns (Birak Al-Hajj) to trap mud and sediment?","A. Silt settling basin (Al-Masfi) B. Sand dune only C. Charcoal screen only D. Metal mesh","A. Silt settling basin (Al-Masfi)","MCQ (one correct)","Specialized","Historical Sites"